time,acc,light,moderate-vigorous,sedentary,sleep,CpSB,CpLPA,CpMPA,CpVPA,CpMVPA,MET
2025-01-01 00:00:00.000+0000 [UTC],15.889,0,0,1,0,1,0,0,0,0,1.563492
2025-01-01 00:00:30.000+0000 [UTC],7.562,0,0,0,1,0,0,0,0,0,0.951234
2025-01-01 00:01:00.000+0000 [UTC],41.365,1,0,0,0,0,1,0,0,0,2.563772
2025-01-01 00:01:30.000+0000 [UTC],8.323,0,0,1,0,1,0,0,0,0,1.563492
2025-01-01 00:02:00.000+0000 [UTC],16.901,0,0,1,0,1,0,0,0,0,1.563492
2025-01-01 00:02:30.000+0000 [UTC],18.053,0,0,1,0,1,0,0,0,0,1.563492
2025-01-01 00:03:00.000+0000 [UTC],17.799,0,0,1,0,1,0,0,0,0,1.563492
2025-01-01 00:03:30.000+0000 [UTC],5.136,0,0,0,1,0,0,0,0,0,0.951234
2025-01-01 00:04:00.000+0000 [UTC],36.347,1,0,0,0,0,1,0,0,0,2.808096
2025-01-01 00:04:30.000+0000 [UTC],41.847,1,0,0,0,0,1,0,0,0,2.83177
2025-01-01 00:05:00.000+0000 [UTC],20.404,0,0,1,0,1,0,0,0,0,1.563492
2025-01-01 00:05:30.000+0000 [UTC],6.706,0,0,0,1,0,0,0,0,0,0.951234
2025-01-01 00:06:00.000+0000 [UTC],154.459,0,1,0,0,0,0,0,0,0,4.202518
2025-01-01 00:06:30.000+0000 [UTC],19.17,0,0,1,0,1,0,0,0,0,1.563492
2025-01-01 00:07:00.000+0000 [UTC],17.296,0,0,1,0,1,0,0,0,0,1.563492
2025-01-01 00:07:30.000+0000 [UTC],14.649,0,0,1,0,1,0,0,0,0,1.563492
2025-01-01 00:08:00.000+0000 [UTC],6.695,0,0,1,0,1,0,0,0,0,1.563492
2025-01-01 00:08:30.000+0000 [UTC],17.148,0,0,1,0,1,0,0,0,0,1.563492
2025-01-01 00:09:00.000+0000 [UTC],16.038,0,0,1,0,1,0,0,0,0,1.563492
2025-01-01 00:09:30.000+0000 [UTC],16.358,0,0,1,0,1,0,0,0,0,1.563492
2025-01-01 00:10:00.000+0000 [UTC],26.529,1,0,0,0,0,1,0,0,0,2.330816
2025-01-01 00:10:30.000+0000 [UTC],8.616,0,0,1,0,1,0,0,0,0,1.563492
2025-01-01 00:11:00.000+0000 [UTC],9.595,0,0,1,0,1,0,0,0,0,1.563492
2025-01-01 00:11:30.000+0000 [UTC],20.266,0,0,1,0,1,0,0,0,0,1.563492
2025-01-01 00:12:00.000+0000 [UTC],14.802,0,0,1,0,1,0,0,0,0,1.563492
2025-01-01 00:12:30.000+0000 [UTC],30.284,1,0,0,0,0,1,0,0,0,2.255135
2025-01-01 00:13:00.000+0000 [UTC],18.408,0,0,1,0,1,0,0,0,0,1.563492
2025-01-01 00:13:30.000+0000 [UTC],15.142,0,0,1,0,1,0,0,0,0,1.563492
2025-01-01 00:14:00.000+0000 [UTC],15.149,0,0,1,0,1,0,0,0,0,1.563492
2025-01-01 00:14:30.000+0000 [UTC],19.691,0,0,1,0,1,0,0,0,0,1.563492
2025-01-01 00:15:00.000+0000 [UTC],52.004,1,0,0,0,0,1,0,0,0,2.523443
2025-01-01 00:15:30.000+0000 [UTC],12.42,0,0,1,0,1,0,0,0,0,1.563492
2025-01-01 00:16:00.000+0000 [UTC],15.481,0,0,1,0,1,0,0,0,0,1.563492
2025-01-01 00:16:30.000+0000 [UTC],5.969,0,0,0,1,0,0,0,0,0,0.951234
2025-01-01 00:17:00.000+0000 [UTC],3.307,0,0,0,1,0,0,0,0,0,0.951234
2025-01-01 00:17:30.000+0000 [UTC],89.525,0,1,0,0,0,0,1,0,1,5.811984
2025-01-01 00:18:00.000+0000 [UTC],12.689,0,0,1,0,1,0,0,0,0,1.563492
2025-01-01 00:18:30.000+0000 [UTC],12.828,0,0,1,0,1,0,0,0,0,1.563492
2025-01-01 00:19:00.000+0000 [UTC],33.431,1,0,0,0,0,1,0,0,0,2.758491
2025-01-01 00:19:30.000+0000 [UTC],13.454,0,0,1,0,1,0,0,0,0,1.563492
2025-01-01 00:20:00.000+0000 [UTC],16.111,0,0,1,0,1,0,0,0,0,1.563492
2025-01-01 00:20:30.000+0000 [UTC],12.606,0,0,1,0,1,0,0,0,0,1.563492
2025-01-01 00:21:00.000+0000 [UTC],21.279,0,0,1,0,1,0,0,0,0,1.563492
2025-01-01 00:21:30.000+0000 [UTC],3.713,0,0,0,1,0,0,0,0,0,0.951234
2025-01-01 00:22:00.000+0000 [UTC],10.527,0,0,1,0,1,0,0,0,0,1.563492
2025-01-01 00:22:30.000+0000 [UTC],29.531,1,0,0,0,0,1,0,0,0,2.541718
2025-01-01 00:23:00.000+0000 [UTC],14.066,0,0,1,0,1,0,0,0,0,1.563492
2025-01-01 00:23:30.000+0000 [UTC],12.801,0,0,1,0,1,0,0,0,0,1.563492
2025-01-01 00:24:00.000+0000 [UTC],22.235,0,0,1,0,1,0,0,0,0,1.563492
2025-01-01 00:24:30.000+0000 [UTC],15.983,0,0,1,0,1,0,0,0,0,1.563492
2025-01-01 00:25:00.000+0000 [UTC],7.06,0,0,0,1,0,0,0,0,0,0.951234
2025-01-01 00:25:30.000+0000 [UTC],45.367,1,0,0,0,0,1,0,0,0,2.026901
2025-01-01 00:26:00.000+0000 [UTC],4.33,0,0,0,1,0,0,0,0,0,0.951234
2025-01-01 00:26:30.000+0000 [UTC],4.193,0,0,0,1,0,0,0,0,0,0.951234
2025-01-01 00:27:00.000+0000 [UTC],20.159,0,0,1,0,1,0,0,0,0,1.563492
2025-01-01 00:27:30.000+0000 [UTC],3.09,0,0,0,1,0,0,0,0,0,0.951234
2025-01-01 00:28:00.000+0000 [UTC],7.572,0,0,1,0,1,0,0,0,0,1.563492
2025-01-01 00:28:30.000+0000 [UTC],16.335,0,0,1,0,1,0,0,0,0,1.563492
2025-01-01 00:29:00.000+0000 [UTC],19.448,0,0,1,0,1,0,0,0,0,1.563492
2025-01-01 00:29:30.000+0000 [UTC],15.411,0,0,1,0,1,0,0,0,0,1.563492
2025-01-01 00:30:00.000+0000 [UTC],20.327,0,0,1,0,1,0,0,0,0,1.563492
2025-01-01 00:30:30.000+0000 [UTC],12.414,0,0,1,0,1,0,0,0,0,1.563492
2025-01-01 00:31:00.000+0000 [UTC],121.85,0,1,0,0,0,0,1,0,1,4.820786
2025-01-01 00:31:30.000+0000 [UTC],22.047,0,0,1,0,1,0,0,0,0,1.563492
2025-01-01 00:32:00.000+0000 [UTC],26.494,0,0,1,0,1,0,0,0,0,1.563492
2025-01-01 00:32:30.000+0000 [UTC],13.186,0,0,1,0,1,0,0,0,0,1.563492
2025-01-01 00:33:00.000+0000 [UTC],12.772,0,0,1,0,1,0,0,0,0,1.563492
2025-01-01 00:33:30.000+0000 [UTC],132.864,0,1,0,0,0,0,1,0,1,4.694052
2025-01-01 00:34:00.000+0000 [UTC],22.267,0,0,1,0,1,0,0,0,0,1.563492
2025-01-01 00:34:30.000+0000 [UTC],5.847,0,0,0,1,0,0,0,0,0,0.951234
2025-01-01 00:35:00.000+0000 [UTC],51.857,1,0,0,0,0,1,0,0,0,2.259153
2025-01-01 00:35:30.000+0000 [UTC],22.898,0,0,1,0,1,0,0,0,0,1.563492
2025-01-01 00:36:00.000+0000 [UTC],12.386,0,0,1,0,1,0,0,0,0,1.563492
2025-01-01 00:36:30.000+0000 [UTC],140.793,0,1,0,0,0,0,0,0,0,3.229939
2025-01-01 00:37:00.000+0000 [UTC],47.19,1,0,0,0,0,1,0,0,0,2.477808
2025-01-01 00:37:30.000+0000 [UTC],49.96,1,0,0,0,0,1,0,0,0,2.4773
2025-01-01 00:38:00.000+0000 [UTC],32.432,1,0,0,0,0,1,0,0,0,3.091763
2025-01-01 00:38:30.000+0000 [UTC],12.899,0,0,1,0,1,0,0,0,0,1.563492
2025-01-01 00:39:00.000+0000 [UTC],13.591,0,0,1,0,1,0,0,0,0,1.563492
2025-01-01 00:39:30.000+0000 [UTC],8.278,0,0,1,0,1,0,0,0,0,1.563492
2025-01-01 00:40:00.000+0000 [UTC],9.125,0,0,0,1,0,0,0,0,0,0.951234
2025-01-01 00:40:30.000+0000 [UTC],25.782,1,0,0,0,0,1,0,0,0,2.084204
2025-01-01 00:41:00.000+0000 [UTC],10.407,0,0,1,0,1,0,0,0,0,1.563492
2025-01-01 00:41:30.000+0000 [UTC],9.979,0,0,1,0,1,0,0,0,0,1.563492
2025-01-01 00:42:00.000+0000 [UTC],11.161,0,0,1,0,1,0,0,0,0,1.563492
2025-01-01 00:42:30.000+0000 [UTC],14.827,0,0,1,0,1,0,0,0,0,1.563492
2025-01-01 00:43:00.000+0000 [UTC],55.013,1,0,0,0,0,1,0,0,0,2.651677
2025-01-01 00:43:30.000+0000 [UTC],36.773,1,0,0,0,0,1,0,0,0,2.946734
2025-01-01 00:44:00.000+0000 [UTC],2.865,0,0,0,1,0,0,0,0,0,0.951234
2025-01-01 00:44:30.000+0000 [UTC],16.171,0,0,1,0,1,0,0,0,0,1.563492
2025-01-01 00:45:00.000+0000 [UTC],22.753,0,0,1,0,1,0,0,0,0,1.563492
2025-01-01 00:45:30.000+0000 [UTC],37.492,1,0,0,0,0,1,0,0,0,3.181435
2025-01-01 00:46:00.000+0000 [UTC],53.282,1,0,0,0,0,1,0,0,0,2.378681
2025-01-01 00:46:30.000+0000 [UTC],10.008,0,0,1,0,1,0,0,0,0,1.563492
2025-01-01 00:47:00.000+0000 [UTC],45.562,1,0,0,0,0,1,0,0,0,2.647429
2025-01-01 00:47:30.000+0000 [UTC],19.922,0,0,1,0,1,0,0,0,0,1.563492
2025-01-01 00:48:00.000+0000 [UTC],13.93,0,0,1,0,1,0,0,0,0,1.563492
2025-01-01 00:48:30.000+0000 [UTC],14.753,0,0,1,0,1,0,0,0,0,1.563492
2025-01-01 00:49:00.000+0000 [UTC],18.374,0,0,1,0,1,0,0,0,0,1.563492
2025-01-01 00:49:30.000+0000 [UTC],9.386,0,0,1,0,1,0,0,0,0,1.563492
2025-01-01 00:50:00.000+0000 [UTC],16.912,0,0,1,0,1,0,0,0,0,1.563492
2025-01-01 00:50:30.000+0000 [UTC],44.559,1,0,0,0,0,1,0,0,0,2.670928
2025-01-01 00:51:00.000+0000 [UTC],15.832,0,0,1,0,1,0,0,0,0,1.563492
2025-01-01 00:51:30.000+0000 [UTC],17.462,0,0,1,0,1,0,0,0,0,1.563492
2025-01-01 00:52:00.000+0000 [UTC],5.048,0,0,0,1,0,0,0,0,0,0.951234
2025-01-01 00:52:30.000+0000 [UTC],16.446,0,0,1,0,1,0,0,0,0,1.563492
2025-01-01 00:53:00.000+0000 [UTC],27.277,0,0,1,0,1,0,0,0,0,1.563492
2025-01-01 00:53:30.000+0000 [UTC],61.65,1,0,0,0,0,1,0,0,0,2.558645
2025-01-01 00:54:00.000+0000 [UTC],11.811,0,0,1,0,1,0,0,0,0,1.563492
2025-01-01 00:54:30.000+0000 [UTC],12.345,0,0,1,0,1,0,0,0,0,1.563492
2025-01-01 00:55:00.000+0000 [UTC],11.884,0,0,1,0,1,0,0,0,0,1.563492
2025-01-01 00:55:30.000+0000 [UTC],12.223,0,0,1,0,1,0,0,0,0,1.563492
2025-01-01 00:56:00.000+0000 [UTC],7.824,0,0,0,1,0,0,0,0,0,0.951234
2025-01-01 00:56:30.000+0000 [UTC],125.293,0,1,0,0,0,0,1,0,1,4.786956
2025-01-01 00:57:00.000+0000 [UTC],33.565,1,0,0,0,0,1,0,0,0,2.470346
2025-01-01 00:57:30.000+0000 [UTC],4.841,0,0,0,1,0,0,0,0,0,0.951234
2025-01-01 00:58:00.000+0000 [UTC],108.989,0,1,0,0,0,0,1,1,1,3.668045
2025-01-01 00:58:30.000+0000 [UTC],11.813,0,0,1,0,1,0,0,0,0,1.563492
2025-01-01 00:59:00.000+0000 [UTC],5.905,0,0,0,1,0,0,0,0,0,0.951234
2025-01-01 00:59:30.000+0000 [UTC],20.945,0,0,1,0,1,0,0,0,0,1.563492
2025-01-01 01:00:00.000+0000 [UTC],95.172,0,1,0,0,0,0,1,1,1,3.861717
2025-01-01 01:00:30.000+0000 [UTC],2.875,0,0,0,1,0,0,0,0,0,0.951234
2025-01-01 01:01:00.000+0000 [UTC],22.103,0,0,1,0,1,0,0,0,0,1.563492
2025-01-01 01:01:30.000+0000 [UTC],12.146,0,0,1,0,1,0,0,0,0,1.563492
2025-01-01 01:02:00.000+0000 [UTC],10.838,0,0,1,0,1,0,0,0,0,1.563492
2025-01-01 01:02:30.000+0000 [UTC],17.357,0,0,1,0,1,0,0,0,0,1.563492
2025-01-01 01:03:00.000+0000 [UTC],122.584,0,1,0,0,0,0,1,0,1,3.684624
2025-01-01 01:03:30.000+0000 [UTC],5.857,0,0,0,1,0,0,0,0,0,0.951234
2025-01-01 01:04:00.000+0000 [UTC],12.239,0,0,1,0,1,0,0,0,0,1.563492
2025-01-01 01:04:30.000+0000 [UTC],18.165,0,0,1,0,1,0,0,0,0,1.563492
2025-01-01 01:05:00.000+0000 [UTC],16.015,0,0,1,0,1,0,0,0,0,1.563492
2025-01-01 01:05:30.000+0000 [UTC],7.421,0,0,1,0,1,0,0,0,0,1.563492
2025-01-01 01:06:00.000+0000 [UTC],22.738,0,0,1,0,1,0,0,0,0,1.563492
2025-01-01 01:06:30.000+0000 [UTC],23.979,0,0,1,0,1,0,0,0,0,1.563492
2025-01-01 01:07:00.000+0000 [UTC],4.626,0,0,0,1,0,0,0,0,0,0.951234
2025-01-01 01:07:30.000+0000 [UTC],11.936,0,0,1,0,1,0,0,0,0,1.563492
2025-01-01 01:08:00.000+0000 [UTC],13.061,0,0,1,0,1,0,0,0,0,1.563492
2025-01-01 01:08:30.000+0000 [UTC],49.278,1,0,0,0,0,1,0,0,0,2.630793
2025-01-01 01:09:00.000+0000 [UTC],16.429,0,0,1,0,1,0,0,0,0,1.563492
2025-01-01 01:09:30.000+0000 [UTC],6.971,0,0,0,1,0,0,0,0,0,0.951234
2025-01-01 01:10:00.000+0000 [UTC],7.375,0,0,0,1,0,0,0,0,0,0.951234
2025-01-01 01:10:30.000+0000 [UTC],16.672,0,0,1,0,1,0,0,0,0,1.563492
2025-01-01 01:11:00.000+0000 [UTC],18.293,0,0,1,0,1,0,0,0,0,1.563492
2025-01-01 01:11:30.000+0000 [UTC],25.051,0,0,1,0,1,0,0,0,0,1.563492
2025-01-01 01:12:00.000+0000 [UTC],14.115,0,0,1,0,1,0,0,0,0,1.563492
2025-01-01 01:12:30.000+0000 [UTC],11.009,0,0,1,0,1,0,0,0,0,1.563492
2025-01-01 01:13:00.000+0000 [UTC],40.57,1,0,0,0,0,1,0,0,0,1.740326
2025-01-01 01:13:30.000+0000 [UTC],8.103,0,0,1,0,1,0,0,0,0,1.563492
2025-01-01 01:14:00.000+0000 [UTC],11.345,0,0,1,0,1,0,0,0,0,1.563492
2025-01-01 01:14:30.000+0000 [UTC],14.834,0,0,1,0,1,0,0,0,0,1.563492
2025-01-01 01:15:00.000+0000 [UTC],10.179,0,0,0,1,0,0,0,0,0,0.951234
2025-01-01 01:15:30.000+0000 [UTC],23.973,0,0,1,0,1,0,0,0,0,1.563492
2025-01-01 01:16:00.000+0000 [UTC],12.412,0,0,1,0,1,0,0,0,0,1.563492
2025-01-01 01:16:30.000+0000 [UTC],16.119,0,0,1,0,1,0,0,0,0,1.563492
2025-01-01 01:17:00.000+0000 [UTC],6.159,0,0,0,1,0,0,0,0,0,0.951234
2025-01-01 01:17:30.000+0000 [UTC],14.918,0,0,1,0,1,0,0,0,0,1.563492
2025-01-01 01:18:00.000+0000 [UTC],42.686,1,0,0,0,0,1,0,0,0,2.704621
2025-01-01 01:18:30.000+0000 [UTC],55.285,1,0,0,0,0,1,0,0,0,2.537853
2025-01-01 01:19:00.000+0000 [UTC],20.942,0,0,1,0,1,0,0,0,0,1.563492
2025-01-01 01:19:30.000+0000 [UTC],45.078,1,0,0,0,0,1,0,0,0,2.433258
2025-01-01 01:20:00.000+0000 [UTC],27.635,0,0,1,0,1,0,0,0,0,1.563492
2025-01-01 01:20:30.000+0000 [UTC],45.383,1,0,0,0,0,1,0,0,0,3.114059
2025-01-01 01:21:00.000+0000 [UTC],50.725,1,0,0,0,0,1,0,0,0,2.29752
2025-01-01 01:21:30.000+0000 [UTC],12.346,0,0,1,0,1,0,0,0,0,1.563492
2025-01-01 01:22:00.000+0000 [UTC],12.553,0,0,1,0,1,0,0,0,0,1.563492
2025-01-01 01:22:30.000+0000 [UTC],87.836,0,1,0,0,0,0,1,0,1,3.433765
2025-01-01 01:23:00.000+0000 [UTC],20.221,0,0,1,0,1,0,0,0,0,1.563492
2025-01-01 01:23:30.000+0000 [UTC],18.409,0,0,1,0,1,0,0,0,0,1.563492
2025-01-01 01:24:00.000+0000 [UTC],24.234,0,0,1,0,1,0,0,0,0,1.563492
2025-01-01 01:24:30.000+0000 [UTC],17.92,0,0,1,0,1,0,0,0,0,1.563492
2025-01-01 01:25:00.000+0000 [UTC],36.35,1,0,0,0,0,1,0,0,0,2.379077
2025-01-01 01:25:30.000+0000 [UTC],13.204,0,0,1,0,1,0,0,0,0,1.563492
2025-01-01 01:26:00.000+0000 [UTC],17.953,0,0,1,0,1,0,0,0,0,1.563492
2025-01-01 01:26:30.000+0000 [UTC],20.544,0,0,1,0,1,0,0,0,0,1.563492
2025-01-01 01:27:00.000+0000 [UTC],31.608,1,0,0,0,0,1,0,0,0,3.097466
2025-01-01 01:27:30.000+0000 [UTC],19.102,0,0,1,0,1,0,0,0,0,1.563492
2025-01-01 01:28:00.000+0000 [UTC],29.552,1,0,0,0,0,1,0,0,0,2.250382
2025-01-01 01:28:30.000+0000 [UTC],17.536,0,0,1,0,1,0,0,0,0,1.563492
2025-01-01 01:29:00.000+0000 [UTC],5.652,0,0,0,1,0,0,0,0,0,0.951234
2025-01-01 01:29:30.000+0000 [UTC],20.333,0,0,1,0,1,0,0,0,0,1.563492
2025-01-01 01:30:00.000+0000 [UTC],20.846,0,0,1,0,1,0,0,0,0,1.563492
2025-01-01 01:30:30.000+0000 [UTC],21.911,0,0,1,0,1,0,0,0,0,1.563492
2025-01-01 01:31:00.000+0000 [UTC],5.389,0,0,0,1,0,0,0,0,0,0.951234
2025-01-01 01:31:30.000+0000 [UTC],4.294,0,0,0,1,0,0,0,0,0,0.951234
2025-01-01 01:32:00.000+0000 [UTC],18.244,0,0,1,0,1,0,0,0,0,1.563492
2025-01-01 01:32:30.000+0000 [UTC],20.336,1,0,0,0,0,1,0,0,0,2.334965
2025-01-01 01:33:00.000+0000 [UTC],32.359,0,1,0,0,0,0,1,0,1,6.624771
2025-01-01 01:33:30.000+0000 [UTC],14.164,0,0,1,0,1,0,0,0,0,1.563492
2025-01-01 01:34:00.000+0000 [UTC],15.734,0,0,1,0,1,0,0,0,0,1.563492
2025-01-01 01:34:30.000+0000 [UTC],21.033,0,0,1,0,1,0,0,0,0,1.563492
2025-01-01 01:35:00.000+0000 [UTC],10.915,0,0,1,0,1,0,0,0,0,1.563492
2025-01-01 01:35:30.000+0000 [UTC],5.677,0,0,0,1,0,0,0,0,0,0.951234
2025-01-01 01:36:00.000+0000 [UTC],4.409,0,0,0,1,0,0,0,0,0,0.951234
2025-01-01 01:36:30.000+0000 [UTC],60.562,1,0,0,0,0,1,0,0,0,2.455892
2025-01-01 01:37:00.000+0000 [UTC],16.843,0,0,1,0,1,0,0,0,0,1.563492
2025-01-01 01:37:30.000+0000 [UTC],13.033,0,0,1,0,1,0,0,0,0,1.563492
2025-01-01 01:38:00.000+0000 [UTC],28.968,1,0,0,0,0,1,0,0,0,2.75222
2025-01-01 01:38:30.000+0000 [UTC],5.337,0,0,0,1,0,0,0,0,0,0.951234
2025-01-01 01:39:00.000+0000 [UTC],7.635,0,0,0,1,0,0,0,0,0,0.951234
2025-01-01 01:39:30.000+0000 [UTC],37.787,1,0,0,0,0,1,0,0,0,2.562341
2025-01-01 01:40:00.000+0000 [UTC],37.232,1,0,0,0,0,1,0,0,0,2.112212
2025-01-01 01:40:30.000+0000 [UTC],15.144,0,0,1,0,1,0,0,0,0,1.563492
2025-01-01 01:41:00.000+0000 [UTC],21.392,0,0,1,0,1,0,0,0,0,1.563492
2025-01-01 01:41:30.000+0000 [UTC],2.987,0,0,0,1,0,0,0,0,0,0.951234
2025-01-01 01:42:00.000+0000 [UTC],43.074,1,0,0,0,0,1,0,0,0,2.340349
2025-01-01 01:42:30.000+0000 [UTC],15.955,0,0,1,0,1,0,0,0,0,1.563492
2025-01-01 01:43:00.000+0000 [UTC],15.232,0,0,1,0,1,0,0,0,0,1.563492
2025-01-01 01:43:30.000+0000 [UTC],48.157,1,0,0,0,0,1,0,0,0,2.317794
2025-01-01 01:44:00.000+0000 [UTC],8.201,0,0,1,0,1,0,0,0,0,1.563492
2025-01-01 01:44:30.000+0000 [UTC],18.731,0,0,1,0,1,0,0,0,0,1.563492
2025-01-01 01:45:00.000+0000 [UTC],18.227,0,0,1,0,1,0,0,0,0,1.563492
2025-01-01 01:45:30.000+0000 [UTC],48.605,1,0,0,0,0,1,0,0,0,2.476834
2025-01-01 01:46:00.000+0000 [UTC],34.169,1,0,0,0,0,1,0,0,0,2.627753
2025-01-01 01:46:30.000+0000 [UTC],25.816,0,0,1,0,1,0,0,0,0,1.563492
2025-01-01 01:47:00.000+0000 [UTC],38.329,1,0,0,0,0,1,0,0,0,2.625462
2025-01-01 01:47:30.000+0000 [UTC],13.461,0,0,1,0,1,0,0,0,0,1.563492
2025-01-01 01:48:00.000+0000 [UTC],16.096,0,0,1,0,1,0,0,0,0,1.563492
2025-01-01 01:48:30.000+0000 [UTC],42.826,1,0,0,0,0,1,0,0,0,1.967196
2025-01-01 01:49:00.000+0000 [UTC],37.513,1,0,0,0,0,1,0,0,0,2.819182
2025-01-01 01:49:30.000+0000 [UTC],133.097,0,1,0,0,0,0,0,0,0,5.831339
2025-01-01 01:50:00.000+0000 [UTC],56.073,1,0,0,0,0,1,0,0,0,2.575771
2025-01-01 01:50:30.000+0000 [UTC],16.247,0,0,1,0,1,0,0,0,0,1.563492
2025-01-01 01:51:00.000+0000 [UTC],22.887,0,0,1,0,1,0,0,0,0,1.563492
2025-01-01 01:51:30.000+0000 [UTC],14.524,0,0,1,0,1,0,0,0,0,1.563492
2025-01-01 01:52:00.000+0000 [UTC],16.395,0,0,1,0,1,0,0,0,0,1.563492
2025-01-01 01:52:30.000+0000 [UTC],18.039,0,0,1,0,1,0,0,0,0,1.563492
2025-01-01 01:53:00.000+0000 [UTC],7.28,0,0,0,1,0,0,0,0,0,0.951234
2025-01-01 01:53:30.000+0000 [UTC],15.933,0,0,1,0,1,0,0,0,0,1.563492
2025-01-01 01:54:00.000+0000 [UTC],7.634,0,0,0,1,0,0,0,0,0,0.951234
2025-01-01 01:54:30.000+0000 [UTC],44.91,1,0,0,0,0,1,0,0,0,2.91536
2025-01-01 01:55:00.000+0000 [UTC],47.349,1,0,0,0,0,1,0,0,0,2.633259
2025-01-01 01:55:30.000+0000 [UTC],12.768,0,0,1,0,1,0,0,0,0,1.563492
2025-01-01 01:56:00.000+0000 [UTC],15.97,0,0,1,0,1,0,0,0,0,1.563492
2025-01-01 01:56:30.000+0000 [UTC],20.368,0,0,1,0,1,0,0,0,0,1.563492
2025-01-01 01:57:00.000+0000 [UTC],9.867,0,0,1,0,1,0,0,0,0,1.563492
2025-01-01 01:57:30.000+0000 [UTC],46.629,1,0,0,0,0,1,0,0,0,2.830397
2025-01-01 01:58:00.000+0000 [UTC],15.665,0,0,1,0,1,0,0,0,0,1.563492
2025-01-01 01:58:30.000+0000 [UTC],11.499,0,0,1,0,1,0,0,0,0,1.563492
2025-01-01 01:59:00.000+0000 [UTC],51.735,1,0,0,0,0,1,0,0,0,2.639964
2025-01-01 01:59:30.000+0000 [UTC],20.975,0,0,1,0,1,0,0,0,0,1.563492
2025-01-01 02:00:00.000+0000 [UTC],4.764,0,0,0,1,0,0,0,0,0,0.951234
2025-01-01 02:00:30.000+0000 [UTC],0.756,0,0,0,1,0,0,0,0,0,0.951234
2025-01-01 02:01:00.000+0000 [UTC],3.784,0,0,0,1,0,0,0,0,0,0.951234
2025-01-01 02:01:30.000+0000 [UTC],7.384,0,0,1,0,1,0,0,0,0,1.563492
2025-01-01 02:02:00.000+0000 [UTC],12.205,0,0,1,0,1,0,0,0,0,1.563492
2025-01-01 02:02:30.000+0000 [UTC],7.594,0,0,0,1,0,0,0,0,0,0.951234
2025-01-01 02:03:00.000+0000 [UTC],16.886,0,0,1,0,1,0,0,0,0,1.563492
2025-01-01 02:03:30.000+0000 [UTC],4.954,0,0,0,1,0,0,0,0,0,0.951234
2025-01-01 02:04:00.000+0000 [UTC],3.001,0,0,0,1,0,0,0,0,0,0.951234
2025-01-01 02:04:30.000+0000 [UTC],3.99,0,0,0,1,0,0,0,0,0,0.951234
2025-01-01 02:05:00.000+0000 [UTC],22.828,0,0,1,0,1,0,0,0,0,1.563492
2025-01-01 02:05:30.000+0000 [UTC],14.671,0,0,1,0,1,0,0,0,0,1.563492
2025-01-01 02:06:00.000+0000 [UTC],6.681,0,0,0,1,0,0,0,0,0,0.951234
2025-01-01 02:06:30.000+0000 [UTC],12.224,0,0,1,0,1,0,0,0,0,1.563492
2025-01-01 02:07:00.000+0000 [UTC],24.406,0,0,1,0,1,0,0,0,0,1.563492
2025-01-01 02:07:30.000+0000 [UTC],7.76,0,0,1,0,1,0,0,0,0,1.563492
2025-01-01 02:08:00.000+0000 [UTC],6.093,0,0,0,1,0,0,0,0,0,0.951234
2025-01-01 02:08:30.000+0000 [UTC],41.81,1,0,0,0,0,1,0,0,0,2.903868
2025-01-01 02:09:00.000+0000 [UTC],4.006,0,0,1,0,1,0,0,0,0,1.563492
2025-01-01 02:09:30.000+0000 [UTC],17.2,0,0,1,0,1,0,0,0,0,1.563492
2025-01-01 02:10:00.000+0000 [UTC],27.032,1,0,0,0,0,1,0,0,0,2.656675
2025-01-01 02:10:30.000+0000 [UTC],4.522,0,0,0,1,0,0,0,0,0,0.951234
2025-01-01 02:11:00.000+0000 [UTC],12.49,0,0,1,0,1,0,0,0,0,1.563492
2025-01-01 02:11:30.000+0000 [UTC],9.894,0,0,1,0,1,0,0,0,0,1.563492
2025-01-01 02:12:00.000+0000 [UTC],4.266,0,0,0,1,0,0,0,0,0,0.951234
2025-01-01 02:12:30.000+0000 [UTC],43.997,1,0,0,0,0,1,0,0,0,2.470625
2025-01-01 02:13:00.000+0000 [UTC],33.486,1,0,0,0,0,1,0,0,0,3.18173
2025-01-01 02:13:30.000+0000 [UTC],34.714,1,0,0,0,0,1,0,0,0,2.766711
2025-01-01 02:14:00.000+0000 [UTC],18.542,0,0,1,0,1,0,0,0,0,1.563492
2025-01-01 02:14:30.000+0000 [UTC],16.219,0,0,1,0,1,0,0,0,0,1.563492
2025-01-01 02:15:00.000+0000 [UTC],147.118,0,1,0,0,0,0,1,0,1,6.420368
2025-01-01 02:15:30.000+0000 [UTC],49.112,0,1,0,0,0,0,0,0,0,3.277105
2025-01-01 02:16:00.000+0000 [UTC],4.216,0,0,0,1,0,0,0,0,0,0.951234
2025-01-01 02:16:30.000+0000 [UTC],3.155,0,0,0,1,0,0,0,0,0,0.951234
2025-01-01 02:17:00.000+0000 [UTC],12.18,0,0,1,0,1,0,0,0,0,1.563492
2025-01-01 02:17:30.000+0000 [UTC],8.598,0,0,1,0,1,0,0,0,0,1.563492
2025-01-01 02:18:00.000+0000 [UTC],45.864,1,0,0,0,0,1,0,0,0,2.672123
2025-01-01 02:18:30.000+0000 [UTC],52.383,1,0,0,0,0,1,0,0,0,2.117109
2025-01-01 02:19:00.000+0000 [UTC],40.213,1,0,0,0,0,1,0,0,0,2.113508
2025-01-01 02:19:30.000+0000 [UTC],43.088,1,0,0,0,0,1,0,0,0,2.587815
2025-01-01 02:20:00.000+0000 [UTC],8.231,0,0,0,1,0,0,0,0,0,0.951234
2025-01-01 02:20:30.000+0000 [UTC],19.362,0,0,1,0,1,0,0,0,0,1.563492
2025-01-01 02:21:00.000+0000 [UTC],18.251,0,0,1,0,1,0,0,0,0,1.563492
2025-01-01 02:21:30.000+0000 [UTC],14.504,0,0,1,0,1,0,0,0,0,1.563492
2025-01-01 02:22:00.000+0000 [UTC],24.233,0,0,1,0,1,0,0,0,0,1.563492
2025-01-01 02:22:30.000+0000 [UTC],9.65,0,0,1,0,1,0,0,0,0,1.563492
2025-01-01 02:23:00.000+0000 [UTC],7.372,0,0,1,0,1,0,0,0,0,1.563492
2025-01-01 02:23:30.000+0000 [UTC],11.54,0,0,1,0,1,0,0,0,0,1.563492
2025-01-01 02:24:00.000+0000 [UTC],14.772,0,0,1,0,1,0,0,0,0,1.563492
2025-01-01 02:24:30.000+0000 [UTC],16.217,0,0,1,0,1,0,0,0,0,1.563492
2025-01-01 02:25:00.000+0000 [UTC],13.794,0,0,1,0,1,0,0,0,0,1.563492
2025-01-01 02:25:30.000+0000 [UTC],16.76,0,0,1,0,1,0,0,0,0,1.563492
2025-01-01 02:26:00.000+0000 [UTC],89.708,0,1,0,0,0,0,1,0,1,4.571254
2025-01-01 02:26:30.000+0000 [UTC],8.742,0,0,1,0,1,0,0,0,0,1.563492
2025-01-01 02:27:00.000+0000 [UTC],22.219,0,0,1,0,1,0,0,0,0,1.563492
2025-01-01 02:27:30.000+0000 [UTC],14.589,0,0,1,0,1,0,0,0,0,1.563492
2025-01-01 02:28:00.000+0000 [UTC],57.022,1,0,0,0,0,1,0,0,0,2.543656
2025-01-01 02:28:30.000+0000 [UTC],20.586,0,0,1,0,1,0,0,0,0,1.563492
2025-01-01 02:29:00.000+0000 [UTC],42.408,1,0,0,0,0,1,0,0,0,2.315763
2025-01-01 02:29:30.000+0000 [UTC],16.714,0,0,1,0,1,0,0,0,0,1.563492
2025-01-01 02:30:00.000+0000 [UTC],17.284,0,0,1,0,1,0,0,0,0,1.563492
2025-01-01 02:30:30.000+0000 [UTC],17.849,0,0,1,0,1,0,0,0,0,1.563492
2025-01-01 02:31:00.000+0000 [UTC],17.239,0,0,1,0,1,0,0,0,0,1.563492
2025-01-01 02:31:30.000+0000 [UTC],66.017,1,0,0,0,0,1,0,0,0,2.542295
2025-01-01 02:32:00.000+0000 [UTC],45.655,1,0,0,0,0,1,0,0,0,2.976588
2025-01-01 02:32:30.000+0000 [UTC],4.355,0,0,0,1,0,0,0,0,0,0.951234
2025-01-01 02:33:00.000+0000 [UTC],18.214,0,0,1,0,1,0,0,0,0,1.563492
2025-01-01 02:33:30.000+0000 [UTC],21.646,0,0,1,0,1,0,0,0,0,1.563492
2025-01-01 02:34:00.000+0000 [UTC],22.392,1,0,0,0,0,1,0,0,0,2.708621
2025-01-01 02:34:30.000+0000 [UTC],15.983,0,0,1,0,1,0,0,0,0,1.563492
2025-01-01 02:35:00.000+0000 [UTC],18.545,0,0,1,0,1,0,0,0,0,1.563492
2025-01-01 02:35:30.000+0000 [UTC],14.551,0,0,1,0,1,0,0,0,0,1.563492
2025-01-01 02:36:00.000+0000 [UTC],22.201,0,0,1,0,1,0,0,0,0,1.563492
2025-01-01 02:36:30.000+0000 [UTC],7.434,0,0,0,1,0,0,0,0,0,0.951234
2025-01-01 02:37:00.000+0000 [UTC],138.575,0,1,0,0,0,0,1,0,1,3.206492
2025-01-01 02:37:30.000+0000 [UTC],47.533,1,0,0,0,0,1,0,0,0,2.157697
2025-01-01 02:38:00.000+0000 [UTC],11.618,0,0,1,0,1,0,0,0,0,1.563492
2025-01-01 02:38:30.000+0000 [UTC],24.005,0,0,1,0,1,0,0,0,0,1.563492
2025-01-01 02:39:00.000+0000 [UTC],14.799,0,0,1,0,1,0,0,0,0,1.563492
2025-01-01 02:39:30.000+0000 [UTC],7.846,0,0,1,0,1,0,0,0,0,1.563492
2025-01-01 02:40:00.000+0000 [UTC],15.641,0,0,1,0,1,0,0,0,0,1.563492
2025-01-01 02:40:30.000+0000 [UTC],43.812,1,0,0,0,0,1,0,0,0,2.466547
2025-01-01 02:41:00.000+0000 [UTC],52.898,1,0,0,0,0,1,0,0,0,2.25851
2025-01-01 02:41:30.000+0000 [UTC],11.595,0,0,1,0,1,0,0,0,0,1.563492
2025-01-01 02:42:00.000+0000 [UTC],8.043,0,0,0,1,0,0,0,0,0,0.951234
2025-01-01 02:42:30.000+0000 [UTC],46.732,1,0,0,0,0,1,0,0,0,2.38369
2025-01-01 02:43:00.000+0000 [UTC],19.203,0,0,1,0,1,0,0,0,0,1.563492
2025-01-01 02:43:30.000+0000 [UTC],38.615,1,0,0,0,0,1,0,0,0,2.375915
2025-01-01 02:44:00.000+0000 [UTC],11.737,0,0,1,0,1,0,0,0,0,1.563492
2025-01-01 02:44:30.000+0000 [UTC],12.769,0,0,1,0,1,0,0,0,0,1.563492
2025-01-01 02:45:00.000+0000 [UTC],5.552,0,0,1,0,1,0,0,0,0,1.563492
2025-01-01 02:45:30.000+0000 [UTC],27.757,1,0,0,0,0,1,0,0,0,2.356706
2025-01-01 02:46:00.000+0000 [UTC],12.738,0,0,1,0,1,0,0,0,0,1.563492
2025-01-01 02:46:30.000+0000 [UTC],2.881,0,0,1,0,1,0,0,0,0,1.563492
2025-01-01 02:47:00.000+0000 [UTC],7.08,0,0,1,0,1,0,0,0,0,1.563492
2025-01-01 02:47:30.000+0000 [UTC],18.802,0,0,1,0,1,0,0,0,0,1.563492
2025-01-01 02:48:00.000+0000 [UTC],6.997,0,0,0,1,0,0,0,0,0,0.951234
2025-01-01 02:48:30.000+0000 [UTC],37.91,1,0,0,0,0,1,0,0,0,2.123459
2025-01-01 02:49:00.000+0000 [UTC],18.929,0,0,1,0,1,0,0,0,0,1.563492
2025-01-01 02:49:30.000+0000 [UTC],17.127,0,0,1,0,1,0,0,0,0,1.563492
2025-01-01 02:50:00.000+0000 [UTC],10.165,0,0,1,0,1,0,0,0,0,1.563492
2025-01-01 02:50:30.000+0000 [UTC],14.761,0,0,1,0,1,0,0,0,0,1.563492
2025-01-01 02:51:00.000+0000 [UTC],14.982,0,0,1,0,1,0,0,0,0,1.563492
2025-01-01 02:51:30.000+0000 [UTC],9.208,0,0,1,0,1,0,0,0,0,1.563492
2025-01-01 02:52:00.000+0000 [UTC],22.517,0,0,1,0,1,0,0,0,0,1.563492
2025-01-01 02:52:30.000+0000 [UTC],31.495,1,0,0,0,0,1,0,0,0,2.461704
2025-01-01 02:53:00.000+0000 [UTC],34.195,1,0,0,0,0,1,0,0,0,2.331818
2025-01-01 02:53:30.000+0000 [UTC],19.387,0,0,1,0,1,0,0,0,0,1.563492
2025-01-01 02:54:00.000+0000 [UTC],13.895,0,0,1,0,1,0,0,0,0,1.563492
2025-01-01 02:54:30.000+0000 [UTC],45.886,1,0,0,0,0,1,0,0,0,1.621165
2025-01-01 02:55:00.000+0000 [UTC],15.134,0,0,1,0,1,0,0,0,0,1.563492
2025-01-01 02:55:30.000+0000 [UTC],4.137,0,0,0,1,0,0,0,0,0,0.951234
2025-01-01 02:56:00.000+0000 [UTC],56.699,1,0,0,0,0,1,0,0,0,3.115892
2025-01-01 02:56:30.000+0000 [UTC],16.042,0,0,1,0,1,0,0,0,0,1.563492
2025-01-01 02:57:00.000+0000 [UTC],4.791,0,0,1,0,1,0,0,0,0,1.563492
2025-01-01 02:57:30.000+0000 [UTC],43.947,1,0,0,0,0,1,0,0,0,2.826631
2025-01-01 02:58:00.000+0000 [UTC],13.764,0,0,1,0,1,0,0,0,0,1.563492
2025-01-01 02:58:30.000+0000 [UTC],11.59,0,0,1,0,1,0,0,0,0,1.563492
2025-01-01 02:59:00.000+0000 [UTC],5.807,0,0,0,1,0,0,0,0,0,0.951234
2025-01-01 02:59:30.000+0000 [UTC],9.992,0,0,1,0,1,0,0,0,0,1.563492
2025-01-01 03:00:00.000+0000 [UTC],13.594,0,0,1,0,1,0,0,0,0,1.563492
2025-01-01 03:00:30.000+0000 [UTC],28.041,1,0,0,0,0,1,0,0,0,2.38711
2025-01-01 03:01:00.000+0000 [UTC],23.988,0,0,1,0,1,0,0,0,0,1.563492
2025-01-01 03:01:30.000+0000 [UTC],18.204,0,0,1,0,1,0,0,0,0,1.563492
2025-01-01 03:02:00.000+0000 [UTC],4.952,0,0,0,1,0,0,0,0,0,0.951234
2025-01-01 03:02:30.000+0000 [UTC],12.144,0,0,1,0,1,0,0,0,0,1.563492
2025-01-01 03:03:00.000+0000 [UTC],3.193,0,0,0,1,0,0,0,0,0,0.951234
2025-01-01 03:03:30.000+0000 [UTC],5.649,0,0,0,1,0,0,0,0,0,0.951234
2025-01-01 03:04:00.000+0000 [UTC],17.863,0,0,1,0,1,0,0,0,0,1.563492
2025-01-01 03:04:30.000+0000 [UTC],21.997,0,0,1,0,1,0,0,0,0,1.563492
2025-01-01 03:05:00.000+0000 [UTC],19.623,0,0,1,0,1,0,0,0,0,1.563492
2025-01-01 03:05:30.000+0000 [UTC],15.298,0,0,1,0,1,0,0,0,0,1.563492
2025-01-01 03:06:00.000+0000 [UTC],11.765,0,0,1,0,1,0,0,0,0,1.563492
2025-01-01 03:06:30.000+0000 [UTC],44.446,1,0,0,0,0,1,0,0,0,2.505646
2025-01-01 03:07:00.000+0000 [UTC],18.491,0,0,1,0,1,0,0,0,0,1.563492
2025-01-01 03:07:30.000+0000 [UTC],16.967,0,0,1,0,1,0,0,0,0,1.563492
2025-01-01 03:08:00.000+0000 [UTC],181.725,0,1,0,0,0,0,0,0,0,3.804305
2025-01-01 03:08:30.000+0000 [UTC],19.476,0,0,1,0,1,0,0,0,0,1.563492
2025-01-01 03:09:00.000+0000 [UTC],120.624,0,1,0,0,0,0,1,0,1,3.581873
2025-01-01 03:09:30.000+0000 [UTC],18.176,0,0,1,0,1,0,0,0,0,1.563492
2025-01-01 03:10:00.000+0000 [UTC],20.248,0,0,1,0,1,0,0,0,0,1.563492
2025-01-01 03:10:30.000+0000 [UTC],51.966,1,0,0,0,0,1,0,0,0,2.148504
2025-01-01 03:11:00.000+0000 [UTC],33.902,1,0,0,0,0,1,0,0,0,3.008717
2025-01-01 03:11:30.000+0000 [UTC],2.642,0,0,0,1,0,0,0,0,0,0.951234
2025-01-01 03:12:00.000+0000 [UTC],38.66,1,0,0,0,0,1,0,0,0,3.069187
2025-01-01 03:12:30.000+0000 [UTC],98.16,0,1,0,0,0,0,1,0,1,5.739584
2025-01-01 03:13:00.000+0000 [UTC],12.324,0,0,1,0,1,0,0,0,0,1.563492
2025-01-01 03:13:30.000+0000 [UTC],21.587,0,0,1,0,1,0,0,0,0,1.563492
2025-01-01 03:14:00.000+0000 [UTC],40.147,1,0,0,0,0,1,0,0,0,2.547008
2025-01-01 03:14:30.000+0000 [UTC],114.513,0,1,0,0,0,0,0,0,0,4.10377
2025-01-01 03:15:00.000+0000 [UTC],7.375,0,0,0,1,0,0,0,0,0,0.951234
2025-01-01 03:15:30.000+0000 [UTC],15.988,0,0,1,0,1,0,0,0,0,1.563492
2025-01-01 03:16:00.000+0000 [UTC],25.376,0,0,1,0,1,0,0,0,0,1.563492
2025-01-01 03:16:30.000+0000 [UTC],32.151,1,0,0,0,0,1,0,0,0,2.807059
2025-01-01 03:17:00.000+0000 [UTC],11.554,0,0,1,0,1,0,0,0,0,1.563492
2025-01-01 03:17:30.000+0000 [UTC],4.071,0,0,0,1,0,0,0,0,0,0.951234
2025-01-01 03:18:00.000+0000 [UTC],5.402,0,0,0,1,0,0,0,0,0,0.951234
2025-01-01 03:18:30.000+0000 [UTC],23.68,0,0,1,0,1,0,0,0,0,1.563492
2025-01-01 03:19:00.000+0000 [UTC],46.483,1,0,0,0,0,1,0,0,0,2.552586
2025-01-01 03:19:30.000+0000 [UTC],38.791,1,0,0,0,0,1,0,0,0,2.098982
2025-01-01 03:20:00.000+0000 [UTC],15.99,0,0,1,0,1,0,0,0,0,1.563492
2025-01-01 03:20:30.000+0000 [UTC],5.567,0,0,0,1,0,0,0,0,0,0.951234
2025-01-01 03:21:00.000+0000 [UTC],11.743,0,0,1,0,1,0,0,0,0,1.563492
2025-01-01 03:21:30.000+0000 [UTC],161.246,0,1,0,0,0,0,1,0,1,5.568379
2025-01-01 03:22:00.000+0000 [UTC],12.581,0,0,1,0,1,0,0,0,0,1.563492
2025-01-01 03:22:30.000+0000 [UTC],4.482,0,0,0,1,0,0,0,0,0,0.951234
2025-01-01 03:23:00.000+0000 [UTC],13.398,0,0,1,0,1,0,0,0,0,1.563492
2025-01-01 03:23:30.000+0000 [UTC],17.121,0,0,1,0,1,0,0,0,0,1.563492
2025-01-01 03:24:00.000+0000 [UTC],6.173,0,0,0,1,0,0,0,0,0,0.951234
2025-01-01 03:24:30.000+0000 [UTC],17.614,0,0,1,0,1,0,0,0,0,1.563492
2025-01-01 03:25:00.000+0000 [UTC],12.131,0,0,1,0,1,0,0,0,0,1.563492
2025-01-01 03:25:30.000+0000 [UTC],4.05,0,0,0,1,0,0,0,0,0,0.951234
2025-01-01 03:26:00.000+0000 [UTC],6.743,0,0,0,1,0,0,0,0,0,0.951234
2025-01-01 03:26:30.000+0000 [UTC],14.878,0,0,1,0,1,0,0,0,0,1.563492
2025-01-01 03:27:00.000+0000 [UTC],44.195,1,0,0,0,0,1,0,0,0,2.376453
2025-01-01 03:27:30.000+0000 [UTC],25.711,0,0,1,0,1,0,0,0,0,1.563492
2025-01-01 03:28:00.000+0000 [UTC],23.638,0,0,1,0,1,0,0,0,0,1.563492
2025-01-01 03:28:30.000+0000 [UTC],17.182,0,0,1,0,1,0,0,0,0,1.563492
2025-01-01 03:29:00.000+0000 [UTC],31.125,1,0,0,0,0,1,0,0,0,2.539578
2025-01-01 03:29:30.000+0000 [UTC],35.625,1,0,0,0,0,1,0,0,0,2.363636
2025-01-01 03:30:00.000+0000 [UTC],47.224,1,0,0,0,0,1,0,0,0,2.434404
2025-01-01 03:30:30.000+0000 [UTC],36.272,1,0,0,0,0,1,0,0,0,2.47258
2025-01-01 03:31:00.000+0000 [UTC],15.19,0,0,1,0,1,0,0,0,0,1.563492
2025-01-01 03:31:30.000+0000 [UTC],15.6,0,0,1,0,1,0,0,0,0,1.563492
2025-01-01 03:32:00.000+0000 [UTC],18.068,0,0,1,0,1,0,0,0,0,1.563492
2025-01-01 03:32:30.000+0000 [UTC],9.886,0,0,1,0,1,0,0,0,0,1.563492
2025-01-01 03:33:00.000+0000 [UTC],13.713,0,0,1,0,1,0,0,0,0,1.563492
2025-01-01 03:33:30.000+0000 [UTC],2.308,0,0,0,1,0,0,0,0,0,0.951234
2025-01-01 03:34:00.000+0000 [UTC],6.657,0,0,1,0,1,0,0,0,0,1.563492
2025-01-01 03:34:30.000+0000 [UTC],16.996,0,0,1,0,1,0,0,0,0,1.563492
2025-01-01 03:35:00.000+0000 [UTC],18.236,0,0,1,0,1,0,0,0,0,1.563492
2025-01-01 03:35:30.000+0000 [UTC],57.27,1,0,0,0,0,1,0,0,0,2.475736
2025-01-01 03:36:00.000+0000 [UTC],36.004,1,0,0,0,0,1,0,0,0,2.515678
2025-01-01 03:36:30.000+0000 [UTC],12.584,0,0,1,0,1,0,0,0,0,1.563492
2025-01-01 03:37:00.000+0000 [UTC],22.87,0,0,1,0,1,0,0,0,0,1.563492
2025-01-01 03:37:30.000+0000 [UTC],42.247,1,0,0,0,0,1,0,0,0,2.181818
2025-01-01 03:38:00.000+0000 [UTC],8.871,0,0,1,0,1,0,0,0,0,1.563492
2025-01-01 03:38:30.000+0000 [UTC],100.621,0,1,0,0,0,0,1,0,1,5.104121
2025-01-01 03:39:00.000+0000 [UTC],49.326,1,0,0,0,0,1,0,0,0,2.284895
2025-01-01 03:39:30.000+0000 [UTC],7.678,0,0,1,0,1,0,0,0,0,1.563492
2025-01-01 03:40:00.000+0000 [UTC],16.122,0,0,1,0,1,0,0,0,0,1.563492
2025-01-01 03:40:30.000+0000 [UTC],5.253,0,0,0,1,0,0,0,0,0,0.951234
2025-01-01 03:41:00.000+0000 [UTC],20.235,0,0,1,0,1,0,0,0,0,1.563492
2025-01-01 03:41:30.000+0000 [UTC],23.42,0,0,1,0,1,0,0,0,0,1.563492
2025-01-01 03:42:00.000+0000 [UTC],96.024,0,1,0,0,0,0,1,0,1,6.803639
2025-01-01 03:42:30.000+0000 [UTC],8.878,0,0,0,1,0,0,0,0,0,0.951234
2025-01-01 03:43:00.000+0000 [UTC],2.999,0,0,0,1,0,0,0,0,0,0.951234
2025-01-01 03:43:30.000+0000 [UTC],25.816,1,0,0,0,0,1,0,0,0,2.114625
2025-01-01 03:44:00.000+0000 [UTC],12.706,0,0,1,0,1,0,0,0,0,1.563492
2025-01-01 03:44:30.000+0000 [UTC],20.393,0,0,1,0,1,0,0,0,0,1.563492
2025-01-01 03:45:00.000+0000 [UTC],22.392,1,0,0,0,0,1,0,0,0,2.793345
2025-01-01 03:45:30.000+0000 [UTC],14.807,0,0,1,0,1,0,0,0,0,1.563492
2025-01-01 03:46:00.000+0000 [UTC],14.137,0,0,1,0,1,0,0,0,0,1.563492
2025-01-01 03:46:30.000+0000 [UTC],3.645,0,0,0,1,0,0,0,0,0,0.951234
2025-01-01 03:47:00.000+0000 [UTC],19.418,0,0,1,0,1,0,0,0,0,1.563492
2025-01-01 03:47:30.000+0000 [UTC],18.262,0,0,1,0,1,0,0,0,0,1.563492
2025-01-01 03:48:00.000+0000 [UTC],7.118,0,0,1,0,1,0,0,0,0,1.563492
2025-01-01 03:48:30.000+0000 [UTC],22.383,0,0,1,0,1,0,0,0,0,1.563492
2025-01-01 03:49:00.000+0000 [UTC],21.9,0,0,1,0,1,0,0,0,0,1.563492
2025-01-01 03:49:30.000+0000 [UTC],11.872,0,0,1,0,1,0,0,0,0,1.563492
2025-01-01 03:50:00.000+0000 [UTC],16.979,0,0,1,0,1,0,0,0,0,1.563492
2025-01-01 03:50:30.000+0000 [UTC],24.743,1,0,0,0,0,1,0,0,0,1.868306
2025-01-01 03:51:00.000+0000 [UTC],52.626,1,0,0,0,0,1,0,0,0,2.846077
2025-01-01 03:51:30.000+0000 [UTC],17.47,0,0,1,0,1,0,0,0,0,1.563492
2025-01-01 03:52:00.000+0000 [UTC],6.028,0,0,0,1,0,0,0,0,0,0.951234
2025-01-01 03:52:30.000+0000 [UTC],16.303,0,0,1,0,1,0,0,0,0,1.563492
2025-01-01 03:53:00.000+0000 [UTC],12.248,0,0,1,0,1,0,0,0,0,1.563492
2025-01-01 03:53:30.000+0000 [UTC],5.359,0,0,0,1,0,0,0,0,0,0.951234
2025-01-01 03:54:00.000+0000 [UTC],11.642,0,0,1,0,1,0,0,0,0,1.563492
2025-01-01 03:54:30.000+0000 [UTC],5.701,0,0,0,1,0,0,0,0,0,0.951234
2025-01-01 03:55:00.000+0000 [UTC],14.872,0,0,1,0,1,0,0,0,0,1.563492
2025-01-01 03:55:30.000+0000 [UTC],5.978,0,0,0,1,0,0,0,0,0,0.951234
2025-01-01 03:56:00.000+0000 [UTC],20.864,0,0,1,0,1,0,0,0,0,1.563492
2025-01-01 03:56:30.000+0000 [UTC],6.269,0,0,0,1,0,0,0,0,0,0.951234
2025-01-01 03:57:00.000+0000 [UTC],17.718,0,0,1,0,1,0,0,0,0,1.563492
2025-01-01 03:57:30.000+0000 [UTC],7.219,0,0,0,1,0,0,0,0,0,0.951234
2025-01-01 03:58:00.000+0000 [UTC],13.147,0,0,1,0,1,0,0,0,0,1.563492
2025-01-01 03:58:30.000+0000 [UTC],18.858,0,0,1,0,1,0,0,0,0,1.563492
2025-01-01 03:59:00.000+0000 [UTC],5.82,0,0,0,1,0,0,0,0,0,0.951234
2025-01-01 03:59:30.000+0000 [UTC],0.757,0,0,1,0,1,0,0,0,0,1.563492
2025-01-01 04:00:00.000+0000 [UTC],34.481,1,0,0,0,0,1,0,0,0,2.915905
2025-01-01 04:00:30.000+0000 [UTC],65.582,1,0,0,0,0,1,0,0,0,2.409346
2025-01-01 04:01:00.000+0000 [UTC],20.744,0,0,1,0,1,0,0,0,0,1.563492
2025-01-01 04:01:30.000+0000 [UTC],34.358,1,0,0,0,0,1,0,0,0,1.719059
2025-01-01 04:02:00.000+0000 [UTC],6.301,0,0,1,0,1,0,0,0,0,1.563492
2025-01-01 04:02:30.000+0000 [UTC],4.517,0,0,0,1,0,0,0,0,0,0.951234
2025-01-01 04:03:00.000+0000 [UTC],13.188,0,0,1,0,1,0,0,0,0,1.563492
2025-01-01 04:03:30.000+0000 [UTC],9.402,0,0,1,0,1,0,0,0,0,1.563492
2025-01-01 04:04:00.000+0000 [UTC],6.345,0,0,0,1,0,0,0,0,0,0.951234
2025-01-01 04:04:30.000+0000 [UTC],8.8,0,0,0,1,0,0,0,0,0,0.951234
2025-01-01 04:05:00.000+0000 [UTC],8.527,0,0,1,0,1,0,0,0,0,1.563492
2025-01-01 04:05:30.000+0000 [UTC],41.846,1,0,0,0,0,1,0,0,0,2.391607
2025-01-01 04:06:00.000+0000 [UTC],20.804,0,0,1,0,1,0,0,0,0,1.563492
2025-01-01 04:06:30.000+0000 [UTC],12.661,0,0,1,0,1,0,0,0,0,1.563492
2025-01-01 04:07:00.000+0000 [UTC],16.733,0,0,1,0,1,0,0,0,0,1.563492
2025-01-01 04:07:30.000+0000 [UTC],14.765,0,0,1,0,1,0,0,0,0,1.563492
2025-01-01 04:08:00.000+0000 [UTC],17.385,0,0,1,0,1,0,0,0,0,1.563492
2025-01-01 04:08:30.000+0000 [UTC],15.384,0,0,1,0,1,0,0,0,0,1.563492
2025-01-01 04:09:00.000+0000 [UTC],4.735,0,0,0,1,0,0,0,0,0,0.951234
2025-01-01 04:09:30.000+0000 [UTC],3.051,0,0,0,1,0,0,0,0,0,0.951234
2025-01-01 04:10:00.000+0000 [UTC],55.421,1,0,0,0,0,1,0,0,0,2.480745
2025-01-01 04:10:30.000+0000 [UTC],8.585,0,0,1,0,1,0,0,0,0,1.563492
2025-01-01 04:11:00.000+0000 [UTC],19.981,0,0,1,0,1,0,0,0,0,1.563492
2025-01-01 04:11:30.000+0000 [UTC],105.518,0,1,0,0,0,0,1,1,1,3.020556
2025-01-01 04:12:00.000+0000 [UTC],60.061,1,0,0,0,0,1,0,0,0,2.196821
2025-01-01 04:12:30.000+0000 [UTC],12.531,0,0,1,0,1,0,0,0,0,1.563492
2025-01-01 04:13:00.000+0000 [UTC],7.214,0,0,0,1,0,0,0,0,0,0.951234
2025-01-01 04:13:30.000+0000 [UTC],91.4,0,1,0,0,0,0,0,0,0,5.759233
2025-01-01 04:14:00.000+0000 [UTC],4.759,0,0,0,1,0,0,0,0,0,0.951234
2025-01-01 04:14:30.000+0000 [UTC],60.615,1,0,0,0,0,1,0,0,0,2.345434
2025-01-01 04:15:00.000+0000 [UTC],52.084,1,0,0,0,0,1,0,0,0,2.959059
2025-01-01 04:15:30.000+0000 [UTC],7.217,0,0,1,0,1,0,0,0,0,1.563492
2025-01-01 04:16:00.000+0000 [UTC],0.655,0,0,0,1,0,0,0,0,0,0.951234
2025-01-01 04:16:30.000+0000 [UTC],6.695,0,0,0,1,0,0,0,0,0,0.951234
2025-01-01 04:17:00.000+0000 [UTC],12.859,0,0,1,0,1,0,0,0,0,1.563492
2025-01-01 04:17:30.000+0000 [UTC],22.504,0,0,1,0,1,0,0,0,0,1.563492
2025-01-01 04:18:00.000+0000 [UTC],19.251,0,0,1,0,1,0,0,0,0,1.563492
2025-01-01 04:18:30.000+0000 [UTC],123.68,0,1,0,0,0,0,1,1,1,5.646441
2025-01-01 04:19:00.000+0000 [UTC],3.929,0,0,0,1,0,0,0,0,0,0.951234
2025-01-01 04:19:30.000+0000 [UTC],13.257,0,0,1,0,1,0,0,0,0,1.563492
2025-01-01 04:20:00.000+0000 [UTC],13.254,0,0,1,0,1,0,0,0,0,1.563492
2025-01-01 04:20:30.000+0000 [UTC],13.392,0,0,1,0,1,0,0,0,0,1.563492
2025-01-01 04:21:00.000+0000 [UTC],4.819,0,0,0,1,0,0,0,0,0,0.951234
2025-01-01 04:21:30.000+0000 [UTC],168.74,0,1,0,0,0,0,1,0,1,3.526621
2025-01-01 04:22:00.000+0000 [UTC],129.692,0,1,0,0,0,0,0,0,0,5.507133
2025-01-01 04:22:30.000+0000 [UTC],25.384,0,0,1,0,1,0,0,0,0,1.563492
2025-01-01 04:23:00.000+0000 [UTC],16.91,0,0,1,0,1,0,0,0,0,1.563492
2025-01-01 04:23:30.000+0000 [UTC],17.15,0,0,1,0,1,0,0,0,0,1.563492
2025-01-01 04:24:00.000+0000 [UTC],20.151,0,0,1,0,1,0,0,0,0,1.563492
2025-01-01 04:24:30.000+0000 [UTC],5.664,0,0,0,1,0,0,0,0,0,0.951234
2025-01-01 04:25:00.000+0000 [UTC],112.429,0,1,0,0,0,0,1,0,1,4.836145
2025-01-01 04:25:30.000+0000 [UTC],5.381,0,0,0,1,0,0,0,0,0,0.951234
2025-01-01 04:26:00.000+0000 [UTC],6.419,0,0,0,1,0,0,0,0,0,0.951234
2025-01-01 04:26:30.000+0000 [UTC],16.194,0,0,1,0,1,0,0,0,0,1.563492
2025-01-01 04:27:00.000+0000 [UTC],50.241,1,0,0,0,0,1,0,0,0,2.699478
2025-01-01 04:27:30.000+0000 [UTC],4.129,0,0,0,1,0,0,0,0,0,0.951234
2025-01-01 04:28:00.000+0000 [UTC],111.246,0,1,0,0,0,0,1,1,1,4.272524
2025-01-01 04:28:30.000+0000 [UTC],13.705,0,0,1,0,1,0,0,0,0,1.563492
2025-01-01 04:29:00.000+0000 [UTC],14.018,0,0,1,0,1,0,0,0,0,1.563492
2025-01-01 04:29:30.000+0000 [UTC],14.642,0,0,1,0,1,0,0,0,0,1.563492
2025-01-01 04:30:00.000+0000 [UTC],6.026,0,0,0,1,0,0,0,0,0,0.951234
2025-01-01 04:30:30.000+0000 [UTC],45.925,1,0,0,0,0,1,0,0,0,2.222631
2025-01-01 04:31:00.000+0000 [UTC],14.814,0,0,1,0,1,0,0,0,0,1.563492
2025-01-01 04:31:30.000+0000 [UTC],47.784,1,0,0,0,0,1,0,0,0,2.02072
2025-01-01 04:32:00.000+0000 [UTC],34.488,1,0,0,0,0,1,0,0,0,2.401895
2025-01-01 04:32:30.000+0000 [UTC],18.638,0,0,1,0,1,0,0,0,0,1.563492
2025-01-01 04:33:00.000+0000 [UTC],15.26,0,0,1,0,1,0,0,0,0,1.563492
2025-01-01 04:33:30.000+0000 [UTC],31.818,1,0,0,0,0,1,0,0,0,2.435963
2025-01-01 04:34:00.000+0000 [UTC],18.663,0,0,1,0,1,0,0,0,0,1.563492
2025-01-01 04:34:30.000+0000 [UTC],39.966,1,0,0,0,0,1,0,0,0,2.64886
2025-01-01 04:35:00.000+0000 [UTC],14.596,0,0,1,0,1,0,0,0,0,1.563492
2025-01-01 04:35:30.000+0000 [UTC],4.481,0,0,0,1,0,0,0,0,0,0.951234
2025-01-01 04:36:00.000+0000 [UTC],15.393,0,0,1,0,1,0,0,0,0,1.563492
2025-01-01 04:36:30.000+0000 [UTC],5.009,0,0,1,0,1,0,0,0,0,1.563492
2025-01-01 04:37:00.000+0000 [UTC],6.478,0,0,0,1,0,0,0,0,0,0.951234
2025-01-01 04:37:30.000+0000 [UTC],19.582,0,0,1,0,1,0,0,0,0,1.563492
2025-01-01 04:38:00.000+0000 [UTC],16.732,0,0,1,0,1,0,0,0,0,1.563492
2025-01-01 04:38:30.000+0000 [UTC],19.99,0,0,1,0,1,0,0,0,0,1.563492
2025-01-01 04:39:00.000+0000 [UTC],38.298,1,0,0,0,0,1,0,0,0,2.339405
2025-01-01 04:39:30.000+0000 [UTC],35.468,1,0,0,0,0,1,0,0,0,2.65345
2025-01-01 04:40:00.000+0000 [UTC],46.964,1,0,0,0,0,1,0,0,0,3.080546
2025-01-01 04:40:30.000+0000 [UTC],0.519,0,0,1,0,1,0,0,0,0,1.563492
2025-01-01 04:41:00.000+0000 [UTC],25.442,0,0,1,0,1,0,0,0,0,1.563492
2025-01-01 04:41:30.000+0000 [UTC],14.302,0,0,1,0,1,0,0,0,0,1.563492
2025-01-01 04:42:00.000+0000 [UTC],20.541,0,0,1,0,1,0,0,0,0,1.563492
2025-01-01 04:42:30.000+0000 [UTC],9.8,0,0,1,0,1,0,0,0,0,1.563492
2025-01-01 04:43:00.000+0000 [UTC],18.064,0,0,1,0,1,0,0,0,0,1.563492
2025-01-01 04:43:30.000+0000 [UTC],9.733,0,0,1,0,1,0,0,0,0,1.563492
2025-01-01 04:44:00.000+0000 [UTC],6.231,0,0,0,1,0,0,0,0,0,0.951234
2025-01-01 04:44:30.000+0000 [UTC],11.881,0,0,1,0,1,0,0,0,0,1.563492
2025-01-01 04:45:00.000+0000 [UTC],24.57,0,0,1,0,1,0,0,0,0,1.563492
2025-01-01 04:45:30.000+0000 [UTC],49.553,1,0,0,0,0,1,0,0,0,2.74465
2025-01-01 04:46:00.000+0000 [UTC],14.047,0,0,1,0,1,0,0,0,0,1.563492
2025-01-01 04:46:30.000+0000 [UTC],40.884,1,0,0,0,0,1,0,0,0,2.485573
2025-01-01 04:47:00.000+0000 [UTC],3.129,0,0,0,1,0,0,0,0,0,0.951234
2025-01-01 04:47:30.000+0000 [UTC],7.172,0,0,0,1,0,0,0,0,0,0.951234
2025-01-01 04:48:00.000+0000 [UTC],16.087,0,0,1,0,1,0,0,0,0,1.563492
2025-01-01 04:48:30.000+0000 [UTC],3.928,0,0,0,1,0,0,0,0,0,0.951234
2025-01-01 04:49:00.000+0000 [UTC],19.35,0,0,1,0,1,0,0,0,0,1.563492
2025-01-01 04:49:30.000+0000 [UTC],17.478,0,0,1,0,1,0,0,0,0,1.563492
2025-01-01 04:50:00.000+0000 [UTC],15.752,0,0,1,0,1,0,0,0,0,1.563492
2025-01-01 04:50:30.000+0000 [UTC],6.616,0,0,0,1,0,0,0,0,0,0.951234
2025-01-01 04:51:00.000+0000 [UTC],16.825,0,0,1,0,1,0,0,0,0,1.563492
2025-01-01 04:51:30.000+0000 [UTC],27.017,0,0,1,0,1,0,0,0,0,1.563492
2025-01-01 04:52:00.000+0000 [UTC],54.775,1,0,0,0,0,1,0,0,0,2.445055
2025-01-01 04:52:30.000+0000 [UTC],14.712,0,0,1,0,1,0,0,0,0,1.563492
2025-01-01 04:53:00.000+0000 [UTC],16.005,0,0,1,0,1,0,0,0,0,1.563492
2025-01-01 04:53:30.000+0000 [UTC],20.253,0,0,1,0,1,0,0,0,0,1.563492
2025-01-01 04:54:00.000+0000 [UTC],20.528,0,0,1,0,1,0,0,0,0,1.563492
2025-01-01 04:54:30.000+0000 [UTC],20.935,0,0,1,0,1,0,0,0,0,1.563492
2025-01-01 04:55:00.000+0000 [UTC],18.194,0,0,1,0,1,0,0,0,0,1.563492
2025-01-01 04:55:30.000+0000 [UTC],28.583,1,0,0,0,0,1,0,0,0,2.392998
2025-01-01 04:56:00.000+0000 [UTC],9.285,0,0,1,0,1,0,0,0,0,1.563492
2025-01-01 04:56:30.000+0000 [UTC],23.167,0,0,1,0,1,0,0,0,0,1.563492
2025-01-01 04:57:00.000+0000 [UTC],5.735,0,0,0,1,0,0,0,0,0,0.951234
2025-01-01 04:57:30.000+0000 [UTC],9.268,0,0,1,0,1,0,0,0,0,1.563492
2025-01-01 04:58:00.000+0000 [UTC],38.063,1,0,0,0,0,1,0,0,0,2.854192
2025-01-01 04:58:30.000+0000 [UTC],16.513,0,0,1,0,1,0,0,0,0,1.563492
2025-01-01 04:59:00.000+0000 [UTC],11.229,0,0,1,0,1,0,0,0,0,1.563492
2025-01-01 04:59:30.000+0000 [UTC],14.679,0,0,1,0,1,0,0,0,0,1.563492
2025-01-01 05:00:00.000+0000 [UTC],16.644,0,0,1,0,1,0,0,0,0,1.563492
2025-01-01 05:00:30.000+0000 [UTC],16.607,0,0,1,0,1,0,0,0,0,1.563492
2025-01-01 05:01:00.000+0000 [UTC],17.11,0,0,1,0,1,0,0,0,0,1.563492
2025-01-01 05:01:30.000+0000 [UTC],23.069,0,0,1,0,1,0,0,0,0,1.563492
2025-01-01 05:02:00.000+0000 [UTC],17.268,0,0,1,0,1,0,0,0,0,1.563492
2025-01-01 05:02:30.000+0000 [UTC],13.779,0,0,1,0,1,0,0,0,0,1.563492
2025-01-01 05:03:00.000+0000 [UTC],19.82,0,0,1,0,1,0,0,0,0,1.563492
2025-01-01 05:03:30.000+0000 [UTC],20.947,0,0,1,0,1,0,0,0,0,1.563492
2025-01-01 05:04:00.000+0000 [UTC],8.862,0,0,1,0,1,0,0,0,0,1.563492
2025-01-01 05:04:30.000+0000 [UTC],32.832,1,0,0,0,0,1,0,0,0,2.311806
2025-01-01 05:05:00.000+0000 [UTC],17.987,0,0,1,0,1,0,0,0,0,1.563492
2025-01-01 05:05:30.000+0000 [UTC],21.335,1,0,0,0,0,1,0,0,0,2.513567
2025-01-01 05:06:00.000+0000 [UTC],39.173,1,0,0,0,0,1,0,0,0,2.515359
2025-01-01 05:06:30.000+0000 [UTC],18.506,0,0,1,0,1,0,0,0,0,1.563492
2025-01-01 05:07:00.000+0000 [UTC],8.676,0,0,0,1,0,0,0,0,0,0.951234
2025-01-01 05:07:30.000+0000 [UTC],4.553,0,0,0,1,0,0,0,0,0,0.951234
2025-01-01 05:08:00.000+0000 [UTC],13.512,0,0,1,0,1,0,0,0,0,1.563492
2025-01-01 05:08:30.000+0000 [UTC],21.879,0,0,1,0,1,0,0,0,0,1.563492
2025-01-01 05:09:00.000+0000 [UTC],73.104,0,1,0,0,0,0,1,1,1,3.676065
2025-01-01 05:09:30.000+0000 [UTC],38.783,1,0,0,0,0,1,0,0,0,2.349465
2025-01-01 05:10:00.000+0000 [UTC],14.25,0,0,1,0,1,0,0,0,0,1.563492
2025-01-01 05:10:30.000+0000 [UTC],15.628,0,0,1,0,1,0,0,0,0,1.563492
2025-01-01 05:11:00.000+0000 [UTC],14.135,0,0,1,0,1,0,0,0,0,1.563492
2025-01-01 05:11:30.000+0000 [UTC],15.078,0,0,1,0,1,0,0,0,0,1.563492
2025-01-01 05:12:00.000+0000 [UTC],55.134,1,0,0,0,0,1,0,0,0,2.08826
2025-01-01 05:12:30.000+0000 [UTC],9.519,0,0,1,0,1,0,0,0,0,1.563492
2025-01-01 05:13:00.000+0000 [UTC],7.8,0,0,1,0,1,0,0,0,0,1.563492
2025-01-01 05:13:30.000+0000 [UTC],46.308,1,0,0,0,0,1,0,0,0,2.596892
2025-01-01 05:14:00.000+0000 [UTC],22.973,0,0,1,0,1,0,0,0,0,1.563492
2025-01-01 05:14:30.000+0000 [UTC],10.765,0,0,1,0,1,0,0,0,0,1.563492
2025-01-01 05:15:00.000+0000 [UTC],29.758,1,0,0,0,0,1,0,0,0,2.481699
2025-01-01 05:15:30.000+0000 [UTC],4.301,0,0,0,1,0,0,0,0,0,0.951234
2025-01-01 05:16:00.000+0000 [UTC],10.043,0,0,1,0,1,0,0,0,0,1.563492
2025-01-01 05:16:30.000+0000 [UTC],4.233,0,0,1,0,1,0,0,0,0,1.563492
2025-01-01 05:17:00.000+0000 [UTC],11.805,0,0,1,0,1,0,0,0,0,1.563492
2025-01-01 05:17:30.000+0000 [UTC],8.385,0,0,1,0,1,0,0,0,0,1.563492
2025-01-01 05:18:00.000+0000 [UTC],23.21,0,0,1,0,1,0,0,0,0,1.563492
2025-01-01 05:18:30.000+0000 [UTC],20.049,0,0,1,0,1,0,0,0,0,1.563492
2025-01-01 05:19:00.000+0000 [UTC],11.559,0,0,1,0,1,0,0,0,0,1.563492
2025-01-01 05:19:30.000+0000 [UTC],26.262,0,0,1,0,1,0,0,0,0,1.563492
2025-01-01 05:20:00.000+0000 [UTC],19.909,0,0,1,0,1,0,0,0,0,1.563492
2025-01-01 05:20:30.000+0000 [UTC],13.376,0,0,1,0,1,0,0,0,0,1.563492
2025-01-01 05:21:00.000+0000 [UTC],2.503,0,0,1,0,1,0,0,0,0,1.563492
2025-01-01 05:21:30.000+0000 [UTC],26.455,0,0,1,0,1,0,0,0,0,1.563492
2025-01-01 05:22:00.000+0000 [UTC],8.052,0,0,1,0,1,0,0,0,0,1.563492
2025-01-01 05:22:30.000+0000 [UTC],4.961,0,0,0,1,0,0,0,0,0,0.951234
2025-01-01 05:23:00.000+0000 [UTC],6.773,0,0,1,0,1,0,0,0,0,1.563492
2025-01-01 05:23:30.000+0000 [UTC],58.541,1,0,0,0,0,1,0,0,0,2.650072
2025-01-01 05:24:00.000+0000 [UTC],52.21,1,0,0,0,0,1,0,0,0,2.33992
2025-01-01 05:24:30.000+0000 [UTC],20.113,0,0,1,0,1,0,0,0,0,1.563492
2025-01-01 05:25:00.000+0000 [UTC],27.199,0,0,1,0,1,0,0,0,0,1.563492
2025-01-01 05:25:30.000+0000 [UTC],21.921,0,0,1,0,1,0,0,0,0,1.563492
2025-01-01 05:26:00.000+0000 [UTC],17.82,0,0,1,0,1,0,0,0,0,1.563492
2025-01-01 05:26:30.000+0000 [UTC],45.821,1,0,0,0,0,1,0,0,0,2.866246
2025-01-01 05:27:00.000+0000 [UTC],17.974,0,0,1,0,1,0,0,0,0,1.563492
2025-01-01 05:27:30.000+0000 [UTC],19.267,0,0,1,0,1,0,0,0,0,1.563492
2025-01-01 05:28:00.000+0000 [UTC],18.795,0,0,1,0,1,0,0,0,0,1.563492
2025-01-01 05:28:30.000+0000 [UTC],16.406,0,0,1,0,1,0,0,0,0,1.563492
2025-01-01 05:29:00.000+0000 [UTC],37.735,1,0,0,0,0,1,0,0,0,2.236968
2025-01-01 05:29:30.000+0000 [UTC],15.521,0,0,1,0,1,0,0,0,0,1.563492
2025-01-01 05:30:00.000+0000 [UTC],14.687,0,0,1,0,1,0,0,0,0,1.563492
2025-01-01 05:30:30.000+0000 [UTC],4.394,0,0,0,1,0,0,0,0,0,0.951234
2025-01-01 05:31:00.000+0000 [UTC],30.406,1,0,0,0,0,1,0,0,0,3.013612
2025-01-01 05:31:30.000+0000 [UTC],11.23,0,0,1,0,1,0,0,0,0,1.563492
2025-01-01 05:32:00.000+0000 [UTC],13.597,0,0,1,0,1,0,0,0,0,1.563492
2025-01-01 05:32:30.000+0000 [UTC],6.535,0,0,1,0,1,0,0,0,0,1.563492
2025-01-01 05:33:00.000+0000 [UTC],14.508,0,0,1,0,1,0,0,0,0,1.563492
2025-01-01 05:33:30.000+0000 [UTC],10.057,0,0,1,0,1,0,0,0,0,1.563492
2025-01-01 05:34:00.000+0000 [UTC],9.482,0,0,1,0,1,0,0,0,0,1.563492
2025-01-01 05:34:30.000+0000 [UTC],15.899,0,0,1,0,1,0,0,0,0,1.563492
2025-01-01 05:35:00.000+0000 [UTC],21.96,0,0,1,0,1,0,0,0,0,1.563492
2025-01-01 05:35:30.000+0000 [UTC],6.6,0,0,0,1,0,0,0,0,0,0.951234
2025-01-01 05:36:00.000+0000 [UTC],19.592,0,0,1,0,1,0,0,0,0,1.563492
2025-01-01 05:36:30.000+0000 [UTC],7.147,0,0,1,0,1,0,0,0,0,1.563492
2025-01-01 05:37:00.000+0000 [UTC],10.052,0,0,1,0,1,0,0,0,0,1.563492
2025-01-01 05:37:30.000+0000 [UTC],1.767,0,0,0,1,0,0,0,0,0,0.951234
2025-01-01 05:38:00.000+0000 [UTC],19.704,0,0,1,0,1,0,0,0,0,1.563492
2025-01-01 05:38:30.000+0000 [UTC],10.088,0,0,1,0,1,0,0,0,0,1.563492
2025-01-01 05:39:00.000+0000 [UTC],2.893,0,0,0,1,0,0,0,0,0,0.951234
2025-01-01 05:39:30.000+0000 [UTC],2.864,0,0,0,1,0,0,0,0,0,0.951234
2025-01-01 05:40:00.000+0000 [UTC],146.493,0,1,0,0,0,0,1,0,1,3.780891
2025-01-01 05:40:30.000+0000 [UTC],13.877,0,0,1,0,1,0,0,0,0,1.563492
2025-01-01 05:41:00.000+0000 [UTC],17.75,0,0,1,0,1,0,0,0,0,1.563492
2025-01-01 05:41:30.000+0000 [UTC],36.278,1,0,0,0,0,1,0,0,0,1.975709
2025-01-01 05:42:00.000+0000 [UTC],6.901,0,0,0,1,0,0,0,0,0,0.951234
2025-01-01 05:42:30.000+0000 [UTC],10.158,0,0,1,0,1,0,0,0,0,1.563492
2025-01-01 05:43:00.000+0000 [UTC],15.527,0,0,1,0,1,0,0,0,0,1.563492
2025-01-01 05:43:30.000+0000 [UTC],8.33,0,0,1,0,1,0,0,0,0,1.563492
2025-01-01 05:44:00.000+0000 [UTC],50.887,1,0,0,0,0,1,0,0,0,2.630431
2025-01-01 05:44:30.000+0000 [UTC],11.993,0,0,1,0,1,0,0,0,0,1.563492
2025-01-01 05:45:00.000+0000 [UTC],16.599,0,0,1,0,1,0,0,0,0,1.563492
2025-01-01 05:45:30.000+0000 [UTC],7.035,0,0,1,0,1,0,0,0,0,1.563492
2025-01-01 05:46:00.000+0000 [UTC],17.202,0,0,1,0,1,0,0,0,0,1.563492
2025-01-01 05:46:30.000+0000 [UTC],14.902,0,0,1,0,1,0,0,0,0,1.563492
2025-01-01 05:47:00.000+0000 [UTC],17.762,0,0,1,0,1,0,0,0,0,1.563492
2025-01-01 05:47:30.000+0000 [UTC],58.846,1,0,0,0,0,1,0,0,0,2.642629
2025-01-01 05:48:00.000+0000 [UTC],16.12,0,0,1,0,1,0,0,0,0,1.563492
2025-01-01 05:48:30.000+0000 [UTC],21.821,0,0,1,0,1,0,0,0,0,1.563492
2025-01-01 05:49:00.000+0000 [UTC],15.626,0,0,1,0,1,0,0,0,0,1.563492
2025-01-01 05:49:30.000+0000 [UTC],12.853,0,0,1,0,1,0,0,0,0,1.563492
2025-01-01 05:50:00.000+0000 [UTC],15.611,0,0,1,0,1,0,0,0,0,1.563492
2025-01-01 05:50:30.000+0000 [UTC],17.716,0,0,1,0,1,0,0,0,0,1.563492
2025-01-01 05:51:00.000+0000 [UTC],15.244,0,0,1,0,1,0,0,0,0,1.563492
2025-01-01 05:51:30.000+0000 [UTC],15.203,0,0,1,0,1,0,0,0,0,1.563492
2025-01-01 05:52:00.000+0000 [UTC],11.49,0,0,1,0,1,0,0,0,0,1.563492
2025-01-01 05:52:30.000+0000 [UTC],8.421,0,0,0,1,0,0,0,0,0,0.951234
2025-01-01 05:53:00.000+0000 [UTC],11.685,0,0,1,0,1,0,0,0,0,1.563492
2025-01-01 05:53:30.000+0000 [UTC],117.665,0,1,0,0,0,0,1,0,1,6.549812
2025-01-01 05:54:00.000+0000 [UTC],7.987,0,0,1,0,1,0,0,0,0,1.563492
2025-01-01 05:54:30.000+0000 [UTC],55.432,1,0,0,0,0,1,0,0,0,2.261333
2025-01-01 05:55:00.000+0000 [UTC],35.112,1,0,0,0,0,1,0,0,0,2.627318
2025-01-01 05:55:30.000+0000 [UTC],23.748,0,0,1,0,1,0,0,0,0,1.563492
2025-01-01 05:56:00.000+0000 [UTC],8.781,0,0,1,0,1,0,0,0,0,1.563492
2025-01-01 05:56:30.000+0000 [UTC],11.535,0,0,1,0,1,0,0,0,0,1.563492
2025-01-01 05:57:00.000+0000 [UTC],11.408,0,0,1,0,1,0,0,0,0,1.563492
2025-01-01 05:57:30.000+0000 [UTC],4.791,0,0,0,1,0,0,0,0,0,0.951234
2025-01-01 05:58:00.000+0000 [UTC],114.586,0,1,0,0,0,0,0,0,0,4.500683
2025-01-01 05:58:30.000+0000 [UTC],4.662,0,0,0,1,0,0,0,0,0,0.951234
2025-01-01 05:59:00.000+0000 [UTC],19.475,0,0,1,0,1,0,0,0,0,1.563492
2025-01-01 05:59:30.000+0000 [UTC],28.804,1,0,0,0,0,1,0,0,0,2.883856
2025-01-01 06:00:00.000+0000 [UTC],5.14,0,0,0,1,0,0,0,0,0,0.951234
2025-01-01 06:00:30.000+0000 [UTC],13.525,0,0,1,0,1,0,0,0,0,1.563492
2025-01-01 06:01:00.000+0000 [UTC],21.239,0,0,1,0,1,0,0,0,0,1.563492
2025-01-01 06:01:30.000+0000 [UTC],41.409,1,0,0,0,0,1,0,0,0,1.834954
2025-01-01 06:02:00.000+0000 [UTC],11.633,0,0,1,0,1,0,0,0,0,1.563492
2025-01-01 06:02:30.000+0000 [UTC],215.793,0,1,0,0,0,0,0,0,0,5.28213
2025-01-01 06:03:00.000+0000 [UTC],16.395,0,0,1,0,1,0,0,0,0,1.563492
2025-01-01 06:03:30.000+0000 [UTC],22.316,1,0,0,0,0,1,0,0,0,2.650823
2025-01-01 06:04:00.000+0000 [UTC],10.823,0,0,1,0,1,0,0,0,0,1.563492
2025-01-01 06:04:30.000+0000 [UTC],25.726,0,0,1,0,1,0,0,0,0,1.563492
2025-01-01 06:05:00.000+0000 [UTC],9.062,0,0,1,0,1,0,0,0,0,1.563492
2025-01-01 06:05:30.000+0000 [UTC],128.963,0,1,0,0,0,0,1,1,1,3.709101
2025-01-01 06:06:00.000+0000 [UTC],43.232,1,0,0,0,0,1,0,0,0,1.752019
2025-01-01 06:06:30.000+0000 [UTC],16.549,0,0,1,0,1,0,0,0,0,1.563492
2025-01-01 06:07:00.000+0000 [UTC],18.169,0,0,1,0,1,0,0,0,0,1.563492
2025-01-01 06:07:30.000+0000 [UTC],7.324,0,0,0,1,0,0,0,0,0,0.951234
2025-01-01 06:08:00.000+0000 [UTC],17.069,0,0,1,0,1,0,0,0,0,1.563492
2025-01-01 06:08:30.000+0000 [UTC],97.446,0,1,0,0,0,0,1,1,1,3.720147
2025-01-01 06:09:00.000+0000 [UTC],14.074,0,0,1,0,1,0,0,0,0,1.563492
2025-01-01 06:09:30.000+0000 [UTC],14.351,0,0,1,0,1,0,0,0,0,1.563492
2025-01-01 06:10:00.000+0000 [UTC],15.219,0,0,1,0,1,0,0,0,0,1.563492
2025-01-01 06:10:30.000+0000 [UTC],14.265,0,0,1,0,1,0,0,0,0,1.563492
2025-01-01 06:11:00.000+0000 [UTC],38.524,1,0,0,0,0,1,0,0,0,2.210301
2025-01-01 06:11:30.000+0000 [UTC],19.819,0,0,1,0,1,0,0,0,0,1.563492
2025-01-01 06:12:00.000+0000 [UTC],26.053,0,0,1,0,1,0,0,0,0,1.563492
2025-01-01 06:12:30.000+0000 [UTC],3.145,0,0,0,1,0,0,0,0,0,0.951234
2025-01-01 06:13:00.000+0000 [UTC],12.213,0,0,1,0,1,0,0,0,0,1.563492
2025-01-01 06:13:30.000+0000 [UTC],8.151,0,0,1,0,1,0,0,0,0,1.563492
2025-01-01 06:14:00.000+0000 [UTC],5.477,0,0,0,1,0,0,0,0,0,0.951234
2025-01-01 06:14:30.000+0000 [UTC],35.34,1,0,0,0,0,1,0,0,0,2.98875
2025-01-01 06:15:00.000+0000 [UTC],14.559,0,0,1,0,1,0,0,0,0,1.563492
2025-01-01 06:15:30.000+0000 [UTC],6.95,0,0,0,1,0,0,0,0,0,0.951234
2025-01-01 06:16:00.000+0000 [UTC],24.053,1,0,0,0,0,1,0,0,0,2.325465
2025-01-01 06:16:30.000+0000 [UTC],27.899,0,0,1,0,1,0,0,0,0,1.563492
2025-01-01 06:17:00.000+0000 [UTC],10.982,0,0,1,0,1,0,0,0,0,1.563492
2025-01-01 06:17:30.000+0000 [UTC],45.136,1,0,0,0,0,1,0,0,0,2.147836
2025-01-01 06:18:00.000+0000 [UTC],34.673,1,0,0,0,0,1,0,0,0,2.440619
2025-01-01 06:18:30.000+0000 [UTC],23.196,0,0,1,0,1,0,0,0,0,1.563492
2025-01-01 06:19:00.000+0000 [UTC],6.002,0,0,0,1,0,0,0,0,0,0.951234
2025-01-01 06:19:30.000+0000 [UTC],28.301,1,0,0,0,0,1,0,0,0,3.120372
2025-01-01 06:20:00.000+0000 [UTC],23.389,0,0,1,0,1,0,0,0,0,1.563492
2025-01-01 06:20:30.000+0000 [UTC],12.232,0,0,1,0,1,0,0,0,0,1.563492
2025-01-01 06:21:00.000+0000 [UTC],17.845,0,0,1,0,1,0,0,0,0,1.563492
2025-01-01 06:21:30.000+0000 [UTC],11.277,1,0,0,0,0,1,0,0,0,1.950495
2025-01-01 06:22:00.000+0000 [UTC],23.142,0,0,1,0,1,0,0,0,0,1.563492
2025-01-01 06:22:30.000+0000 [UTC],13.104,0,0,1,0,1,0,0,0,0,1.563492
2025-01-01 06:23:00.000+0000 [UTC],39.725,1,0,0,0,0,1,0,0,0,2.184607
2025-01-01 06:23:30.000+0000 [UTC],5.379,0,0,0,1,0,0,0,0,0,0.951234
2025-01-01 06:24:00.000+0000 [UTC],13.982,0,0,1,0,1,0,0,0,0,1.563492
2025-01-01 06:24:30.000+0000 [UTC],107.209,0,1,0,0,0,0,1,0,1,5.581985
2025-01-01 06:25:00.000+0000 [UTC],12.092,0,0,1,0,1,0,0,0,0,1.563492
2025-01-01 06:25:30.000+0000 [UTC],154.453,0,1,0,0,0,0,0,0,0,3.150424
2025-01-01 06:26:00.000+0000 [UTC],9.926,0,0,1,0,1,0,0,0,0,1.563492
2025-01-01 06:26:30.000+0000 [UTC],11.754,0,0,1,0,1,0,0,0,0,1.563492
2025-01-01 06:27:00.000+0000 [UTC],57.723,1,0,0,0,0,1,0,0,0,2.94923
2025-01-01 06:27:30.000+0000 [UTC],8.88,0,0,1,0,1,0,0,0,0,1.563492
2025-01-01 06:28:00.000+0000 [UTC],15.17,0,0,1,0,1,0,0,0,0,1.563492
2025-01-01 06:28:30.000+0000 [UTC],56.613,1,0,0,0,0,1,0,0,0,3.057311
2025-01-01 06:29:00.000+0000 [UTC],35.429,1,0,0,0,0,1,0,0,0,2.468971
2025-01-01 06:29:30.000+0000 [UTC],33.978,1,0,0,0,0,1,0,0,0,2.128284
2025-01-01 06:30:00.000+0000 [UTC],44.688,1,0,0,0,0,1,0,0,0,3.128753
2025-01-01 06:30:30.000+0000 [UTC],11.15,0,0,1,0,1,0,0,0,0,1.563492
2025-01-01 06:31:00.000+0000 [UTC],16.169,0,0,1,0,1,0,0,0,0,1.563492
2025-01-01 06:31:30.000+0000 [UTC],7.221,0,0,1,0,1,0,0,0,0,1.563492
2025-01-01 06:32:00.000+0000 [UTC],16.654,0,0,1,0,1,0,0,0,0,1.563492
2025-01-01 06:32:30.000+0000 [UTC],7.002,0,0,0,1,0,0,0,0,0,0.951234
2025-01-01 06:33:00.000+0000 [UTC],19.168,0,0,1,0,1,0,0,0,0,1.563492
2025-01-01 06:33:30.000+0000 [UTC],5.031,0,0,1,0,1,0,0,0,0,1.563492
2025-01-01 06:34:00.000+0000 [UTC],16.87,0,0,1,0,1,0,0,0,0,1.563492
2025-01-01 06:34:30.000+0000 [UTC],0.0,0,0,0,1,0,0,0,0,0,0.951234
2025-01-01 06:35:00.000+0000 [UTC],21.138,0,0,1,0,1,0,0,0,0,1.563492
2025-01-01 06:35:30.000+0000 [UTC],8.952,0,0,1,0,1,0,0,0,0,1.563492
2025-01-01 06:36:00.000+0000 [UTC],23.363,0,0,1,0,1,0,0,0,0,1.563492
2025-01-01 06:36:30.000+0000 [UTC],30.016,1,0,0,0,0,1,0,0,0,2.978333
2025-01-01 06:37:00.000+0000 [UTC],17.095,0,0,1,0,1,0,0,0,0,1.563492
2025-01-01 06:37:30.000+0000 [UTC],6.356,0,0,0,1,0,0,0,0,0,0.951234
2025-01-01 06:38:00.000+0000 [UTC],3.692,0,0,0,1,0,0,0,0,0,0.951234
2025-01-01 06:38:30.000+0000 [UTC],11.475,0,0,1,0,1,0,0,0,0,1.563492
2025-01-01 06:39:00.000+0000 [UTC],43.018,1,0,0,0,0,1,0,0,0,2.703684
2025-01-01 06:39:30.000+0000 [UTC],1.339,0,0,0,1,0,0,0,0,0,0.951234
2025-01-01 06:40:00.000+0000 [UTC],47.661,1,0,0,0,0,1,0,0,0,2.256279
2025-01-01 06:40:30.000+0000 [UTC],14.721,0,0,1,0,1,0,0,0,0,1.563492
2025-01-01 06:41:00.000+0000 [UTC],17.792,0,0,1,0,1,0,0,0,0,1.563492
2025-01-01 06:41:30.000+0000 [UTC],52.269,1,0,0,0,0,1,0,0,0,2.485291
2025-01-01 06:42:00.000+0000 [UTC],15.38,0,0,1,0,1,0,0,0,0,1.563492
2025-01-01 06:42:30.000+0000 [UTC],38.998,1,0,0,0,0,1,0,0,0,2.451892
2025-01-01 06:43:00.000+0000 [UTC],6.022,0,0,0,1,0,0,0,0,0,0.951234
2025-01-01 06:43:30.000+0000 [UTC],7.747,0,0,0,1,0,0,0,0,0,0.951234
2025-01-01 06:44:00.000+0000 [UTC],17.694,0,0,1,0,1,0,0,0,0,1.563492
2025-01-01 06:44:30.000+0000 [UTC],10.397,0,0,1,0,1,0,0,0,0,1.563492
2025-01-01 06:45:00.000+0000 [UTC],4.725,0,0,0,1,0,0,0,0,0,0.951234
2025-01-01 06:45:30.000+0000 [UTC],123.398,0,1,0,0,0,0,0,0,0,4.084786
2025-01-01 06:46:00.000+0000 [UTC],15.847,0,0,1,0,1,0,0,0,0,1.563492
2025-01-01 06:46:30.000+0000 [UTC],6.906,0,0,0,1,0,0,0,0,0,0.951234
2025-01-01 06:47:00.000+0000 [UTC],8.225,0,0,0,1,0,0,0,0,0,0.951234
2025-01-01 06:47:30.000+0000 [UTC],7.931,0,0,1,0,1,0,0,0,0,1.563492
2025-01-01 06:48:00.000+0000 [UTC],14.444,0,0,1,0,1,0,0,0,0,1.563492
2025-01-01 06:48:30.000+0000 [UTC],10.48,0,0,1,0,1,0,0,0,0,1.563492
2025-01-01 06:49:00.000+0000 [UTC],11.322,0,0,1,0,1,0,0,0,0,1.563492
2025-01-01 06:49:30.000+0000 [UTC],21.18,0,0,1,0,1,0,0,0,0,1.563492
2025-01-01 06:50:00.000+0000 [UTC],76.852,0,1,0,0,0,0,1,1,1,4.534027
2025-01-01 06:50:30.000+0000 [UTC],20.457,0,0,1,0,1,0,0,0,0,1.563492
2025-01-01 06:51:00.000+0000 [UTC],18.046,0,0,1,0,1,0,0,0,0,1.563492
2025-01-01 06:51:30.000+0000 [UTC],9.538,0,0,1,0,1,0,0,0,0,1.563492
2025-01-01 06:52:00.000+0000 [UTC],13.418,0,0,1,0,1,0,0,0,0,1.563492
2025-01-01 06:52:30.000+0000 [UTC],7.63,0,0,0,1,0,0,0,0,0,0.951234
2025-01-01 06:53:00.000+0000 [UTC],21.065,0,0,1,0,1,0,0,0,0,1.563492
2025-01-01 06:53:30.000+0000 [UTC],15.709,0,0,1,0,1,0,0,0,0,1.563492
2025-01-01 06:54:00.000+0000 [UTC],37.963,1,0,0,0,0,1,0,0,0,2.599255
2025-01-01 06:54:30.000+0000 [UTC],26.597,0,0,1,0,1,0,0,0,0,1.563492
2025-01-01 06:55:00.000+0000 [UTC],16.967,0,0,1,0,1,0,0,0,0,1.563492
2025-01-01 06:55:30.000+0000 [UTC],15.96,0,0,1,0,1,0,0,0,0,1.563492
2025-01-01 06:56:00.000+0000 [UTC],13.454,0,0,1,0,1,0,0,0,0,1.563492
2025-01-01 06:56:30.000+0000 [UTC],15.668,0,0,1,0,1,0,0,0,0,1.563492
2025-01-01 06:57:00.000+0000 [UTC],14.238,0,0,1,0,1,0,0,0,0,1.563492
2025-01-01 06:57:30.000+0000 [UTC],18.541,0,0,1,0,1,0,0,0,0,1.563492
2025-01-01 06:58:00.000+0000 [UTC],8.28,0,0,0,1,0,0,0,0,0,0.951234
2025-01-01 06:58:30.000+0000 [UTC],19.784,0,0,1,0,1,0,0,0,0,1.563492
2025-01-01 06:59:00.000+0000 [UTC],11.07,0,0,1,0,1,0,0,0,0,1.563492
2025-01-01 06:59:30.000+0000 [UTC],31.22,1,0,0,0,0,1,0,0,0,2.9353
2025-01-01 07:00:00.000+0000 [UTC],8.344,0,0,1,0,1,0,0,0,0,1.563492
2025-01-01 07:00:30.000+0000 [UTC],31.731,1,0,0,0,0,1,0,0,0,2.763825
2025-01-01 07:01:00.000+0000 [UTC],5.819,0,0,1,0,1,0,0,0,0,1.563492
2025-01-01 07:01:30.000+0000 [UTC],6.484,0,0,0,1,0,0,0,0,0,0.951234
2025-01-01 07:02:00.000+0000 [UTC],17.54,0,0,1,0,1,0,0,0,0,1.563492
2025-01-01 07:02:30.000+0000 [UTC],9.483,0,0,1,0,1,0,0,0,0,1.563492
2025-01-01 07:03:00.000+0000 [UTC],4.236,0,0,1,0,1,0,0,0,0,1.563492
2025-01-01 07:03:30.000+0000 [UTC],5.151,0,0,0,1,0,0,0,0,0,0.951234
2025-01-01 07:04:00.000+0000 [UTC],16.943,0,0,1,0,1,0,0,0,0,1.563492
2025-01-01 07:04:30.000+0000 [UTC],27.465,0,0,1,0,1,0,0,0,0,1.563492
2025-01-01 07:05:00.000+0000 [UTC],14.97,0,0,1,0,1,0,0,0,0,1.563492
2025-01-01 07:05:30.000+0000 [UTC],37.735,1,0,0,0,0,1,0,0,0,2.176787
2025-01-01 07:06:00.000+0000 [UTC],19.192,0,0,1,0,1,0,0,0,0,1.563492
2025-01-01 07:06:30.000+0000 [UTC],1.796,0,0,0,1,0,0,0,0,0,0.951234
2025-01-01 07:07:00.000+0000 [UTC],15.409,0,0,1,0,1,0,0,0,0,1.563492
2025-01-01 07:07:30.000+0000 [UTC],14.506,0,0,1,0,1,0,0,0,0,1.563492
2025-01-01 07:08:00.000+0000 [UTC],19.595,0,0,1,0,1,0,0,0,0,1.563492
2025-01-01 07:08:30.000+0000 [UTC],13.549,0,0,1,0,1,0,0,0,0,1.563492
2025-01-01 07:09:00.000+0000 [UTC],16.337,0,0,1,0,1,0,0,0,0,1.563492
2025-01-01 07:09:30.000+0000 [UTC],16.608,0,0,1,0,1,0,0,0,0,1.563492
2025-01-01 07:10:00.000+0000 [UTC],43.674,1,0,0,0,0,1,0,0,0,2.912949
2025-01-01 07:10:30.000+0000 [UTC],11.66,0,0,1,0,1,0,0,0,0,1.563492
2025-01-01 07:11:00.000+0000 [UTC],19.96,0,0,1,0,1,0,0,0,0,1.563492
2025-01-01 07:11:30.000+0000 [UTC],14.125,0,0,1,0,1,0,0,0,0,1.563492
2025-01-01 07:12:00.000+0000 [UTC],11.221,0,0,1,0,1,0,0,0,0,1.563492
2025-01-01 07:12:30.000+0000 [UTC],17.683,0,0,1,0,1,0,0,0,0,1.563492
2025-01-01 07:13:00.000+0000 [UTC],10.508,0,0,1,0,1,0,0,0,0,1.563492
2025-01-01 07:13:30.000+0000 [UTC],15.141,0,0,1,0,1,0,0,0,0,1.563492
2025-01-01 07:14:00.000+0000 [UTC],4.508,0,0,0,1,0,0,0,0,0,0.951234
2025-01-01 07:14:30.000+0000 [UTC],3.314,0,0,0,1,0,0,0,0,0,0.951234
2025-01-01 07:15:00.000+0000 [UTC],14.954,0,0,1,0,1,0,0,0,0,1.563492
2025-01-01 07:15:30.000+0000 [UTC],20.429,0,0,1,0,1,0,0,0,0,1.563492
2025-01-01 07:16:00.000+0000 [UTC],49.136,1,0,0,0,0,1,0,0,0,2.59394
2025-01-01 07:16:30.000+0000 [UTC],17.373,0,0,1,0,1,0,0,0,0,1.563492
2025-01-01 07:17:00.000+0000 [UTC],14.875,0,0,1,0,1,0,0,0,0,1.563492
2025-01-01 07:17:30.000+0000 [UTC],19.089,0,0,1,0,1,0,0,0,0,1.563492
2025-01-01 07:18:00.000+0000 [UTC],31.968,1,0,0,0,0,1,0,0,0,2.70612
2025-01-01 07:18:30.000+0000 [UTC],54.927,1,0,0,0,0,1,0,0,0,2.939962
2025-01-01 07:19:00.000+0000 [UTC],21.951,0,0,1,0,1,0,0,0,0,1.563492
2025-01-01 07:19:30.000+0000 [UTC],17.789,0,0,1,0,1,0,0,0,0,1.563492
2025-01-01 07:20:00.000+0000 [UTC],15.052,0,0,1,0,1,0,0,0,0,1.563492
2025-01-01 07:20:30.000+0000 [UTC],37.289,1,0,0,0,0,1,0,0,0,2.166526
2025-01-01 07:21:00.000+0000 [UTC],8.441,0,0,1,0,1,0,0,0,0,1.563492
2025-01-01 07:21:30.000+0000 [UTC],9.674,0,0,1,0,1,0,0,0,0,1.563492
2025-01-01 07:22:00.000+0000 [UTC],39.786,1,0,0,0,0,1,0,0,0,2.489252
2025-01-01 07:22:30.000+0000 [UTC],13.474,0,0,1,0,1,0,0,0,0,1.563492
2025-01-01 07:23:00.000+0000 [UTC],32.528,1,0,0,0,0,1,0,0,0,2.340564
2025-01-01 07:23:30.000+0000 [UTC],11.952,0,0,1,0,1,0,0,0,0,1.563492
2025-01-01 07:24:00.000+0000 [UTC],14.065,0,0,1,0,1,0,0,0,0,1.563492
2025-01-01 07:24:30.000+0000 [UTC],15.283,0,0,1,0,1,0,0,0,0,1.563492
2025-01-01 07:25:00.000+0000 [UTC],15.758,1,0,0,0,0,1,0,0,0,2.029642
2025-01-01 07:25:30.000+0000 [UTC],9.342,0,0,0,1,0,0,0,0,0,0.951234
2025-01-01 07:26:00.000+0000 [UTC],147.577,0,1,0,0,0,0,1,0,1,4.611373
2025-01-01 07:26:30.000+0000 [UTC],17.648,0,0,1,0,1,0,0,0,0,1.563492
2025-01-01 07:27:00.000+0000 [UTC],48.84,1,0,0,0,0,1,0,0,0,2.604013
2025-01-01 07:27:30.000+0000 [UTC],14.648,0,0,1,0,1,0,0,0,0,1.563492
2025-01-01 07:28:00.000+0000 [UTC],17.433,0,0,1,0,1,0,0,0,0,1.563492
2025-01-01 07:28:30.000+0000 [UTC],4.648,0,0,0,1,0,0,0,0,0,0.951234
2025-01-01 07:29:00.000+0000 [UTC],15.322,0,0,1,0,1,0,0,0,0,1.563492
2025-01-01 07:29:30.000+0000 [UTC],5.123,0,0,1,0,1,0,0,0,0,1.563492
2025-01-01 07:30:00.000+0000 [UTC],10.303,0,0,1,0,1,0,0,0,0,1.563492
2025-01-01 07:30:30.000+0000 [UTC],14.28,0,0,1,0,1,0,0,0,0,1.563492
2025-01-01 07:31:00.000+0000 [UTC],8.952,0,0,1,0,1,0,0,0,0,1.563492
2025-01-01 07:31:30.000+0000 [UTC],18.0,0,0,1,0,1,0,0,0,0,1.563492
2025-01-01 07:32:00.000+0000 [UTC],22.654,0,0,1,0,1,0,0,0,0,1.563492
2025-01-01 07:32:30.000+0000 [UTC],5.246,0,0,0,1,0,0,0,0,0,0.951234
2025-01-01 07:33:00.000+0000 [UTC],99.956,0,1,0,0,0,0,1,0,1,4.320907
2025-01-01 07:33:30.000+0000 [UTC],21.094,0,0,1,0,1,0,0,0,0,1.563492
2025-01-01 07:34:00.000+0000 [UTC],13.933,0,0,1,0,1,0,0,0,0,1.563492
2025-01-01 07:34:30.000+0000 [UTC],22.454,0,0,1,0,1,0,0,0,0,1.563492
2025-01-01 07:35:00.000+0000 [UTC],15.743,0,0,1,0,1,0,0,0,0,1.563492
2025-01-01 07:35:30.000+0000 [UTC],13.315,0,0,1,0,1,0,0,0,0,1.563492
2025-01-01 07:36:00.000+0000 [UTC],47.368,1,0,0,0,0,1,0,0,0,3.253467
2025-01-01 07:36:30.000+0000 [UTC],11.933,0,0,1,0,1,0,0,0,0,1.563492
2025-01-01 07:37:00.000+0000 [UTC],13.488,0,0,1,0,1,0,0,0,0,1.563492
2025-01-01 07:37:30.000+0000 [UTC],13.059,0,0,1,0,1,0,0,0,0,1.563492
2025-01-01 07:38:00.000+0000 [UTC],15.852,0,0,1,0,1,0,0,0,0,1.563492
2025-01-01 07:38:30.000+0000 [UTC],6.103,0,0,0,1,0,0,0,0,0,0.951234
2025-01-01 07:39:00.000+0000 [UTC],37.187,1,0,0,0,0,1,0,0,0,1.947977
2025-01-01 07:39:30.000+0000 [UTC],15.803,0,0,1,0,1,0,0,0,0,1.563492
2025-01-01 07:40:00.000+0000 [UTC],5.087,0,0,0,1,0,0,0,0,0,0.951234
2025-01-01 07:40:30.000+0000 [UTC],15.015,0,0,1,0,1,0,0,0,0,1.563492
2025-01-01 07:41:00.000+0000 [UTC],8.39,0,0,0,1,0,0,0,0,0,0.951234
2025-01-01 07:41:30.000+0000 [UTC],40.67,1,0,0,0,0,1,0,0,0,2.490316
2025-01-01 07:42:00.000+0000 [UTC],17.185,0,0,1,0,1,0,0,0,0,1.563492
2025-01-01 07:42:30.000+0000 [UTC],20.953,0,0,1,0,1,0,0,0,0,1.563492
2025-01-01 07:43:00.000+0000 [UTC],19.748,0,0,1,0,1,0,0,0,0,1.563492
2025-01-01 07:43:30.000+0000 [UTC],7.576,0,0,1,0,1,0,0,0,0,1.563492
2025-01-01 07:44:00.000+0000 [UTC],45.159,1,0,0,0,0,1,0,0,0,2.692163
2025-01-01 07:44:30.000+0000 [UTC],2.23,0,0,1,0,1,0,0,0,0,1.563492
2025-01-01 07:45:00.000+0000 [UTC],19.672,0,0,1,0,1,0,0,0,0,1.563492
2025-01-01 07:45:30.000+0000 [UTC],176.199,0,1,0,0,0,0,0,0,0,4.89582
2025-01-01 07:46:00.000+0000 [UTC],3.755,0,0,0,1,0,0,0,0,0,0.951234
2025-01-01 07:46:30.000+0000 [UTC],8.166,0,0,1,0,1,0,0,0,0,1.563492
2025-01-01 07:47:00.000+0000 [UTC],13.876,0,0,1,0,1,0,0,0,0,1.563492
2025-01-01 07:47:30.000+0000 [UTC],9.149,0,0,1,0,1,0,0,0,0,1.563492
2025-01-01 07:48:00.000+0000 [UTC],5.99,0,0,1,0,1,0,0,0,0,1.563492
2025-01-01 07:48:30.000+0000 [UTC],5.389,0,0,0,1,0,0,0,0,0,0.951234
2025-01-01 07:49:00.000+0000 [UTC],17.707,0,0,1,0,1,0,0,0,0,1.563492
2025-01-01 07:49:30.000+0000 [UTC],18.796,0,0,1,0,1,0,0,0,0,1.563492
2025-01-01 07:50:00.000+0000 [UTC],12.117,0,0,1,0,1,0,0,0,0,1.563492
2025-01-01 07:50:30.000+0000 [UTC],2.045,0,0,1,0,1,0,0,0,0,1.563492
2025-01-01 07:51:00.000+0000 [UTC],24.375,1,0,0,0,0,1,0,0,0,2.536923
2025-01-01 07:51:30.000+0000 [UTC],152.401,0,1,0,0,0,0,0,0,0,5.192856
2025-01-01 07:52:00.000+0000 [UTC],12.269,0,0,1,0,1,0,0,0,0,1.563492
2025-01-01 07:52:30.000+0000 [UTC],16.959,0,0,1,0,1,0,0,0,0,1.563492
2025-01-01 07:53:00.000+0000 [UTC],7.605,0,0,1,0,1,0,0,0,0,1.563492
2025-01-01 07:53:30.000+0000 [UTC],3.515,0,0,0,1,0,0,0,0,0,0.951234
2025-01-01 07:54:00.000+0000 [UTC],2.36,0,0,0,1,0,0,0,0,0,0.951234
2025-01-01 07:54:30.000+0000 [UTC],15.917,0,0,1,0,1,0,0,0,0,1.563492
2025-01-01 07:55:00.000+0000 [UTC],34.709,1,0,0,0,0,1,0,0,0,2.466062
2025-01-01 07:55:30.000+0000 [UTC],47.943,1,0,0,0,0,1,0,0,0,2.110235
2025-01-01 07:56:00.000+0000 [UTC],14.923,0,0,1,0,1,0,0,0,0,1.563492
2025-01-01 07:56:30.000+0000 [UTC],3.776,0,0,0,1,0,0,0,0,0,0.951234
2025-01-01 07:57:00.000+0000 [UTC],17.896,0,0,1,0,1,0,0,0,0,1.563492
2025-01-01 07:57:30.000+0000 [UTC],15.598,0,0,1,0,1,0,0,0,0,1.563492
2025-01-01 07:58:00.000+0000 [UTC],10.135,0,0,1,0,1,0,0,0,0,1.563492
2025-01-01 07:58:30.000+0000 [UTC],20.983,0,0,1,0,1,0,0,0,0,1.563492
2025-01-01 07:59:00.000+0000 [UTC],14.207,0,0,1,0,1,0,0,0,0,1.563492
2025-01-01 07:59:30.000+0000 [UTC],27.457,1,0,0,0,0,1,0,0,0,2.569836
2025-01-01 08:00:00.000+0000 [UTC],14.863,0,0,1,0,1,0,0,0,0,1.563492
2025-01-01 08:00:30.000+0000 [UTC],42.936,1,0,0,0,0,1,0,0,0,2.272971
2025-01-01 08:01:00.000+0000 [UTC],10.334,0,0,1,0,1,0,0,0,0,1.563492
2025-01-01 08:01:30.000+0000 [UTC],12.784,0,0,1,0,1,0,0,0,0,1.563492
2025-01-01 08:02:00.000+0000 [UTC],10.576,0,0,1,0,1,0,0,0,0,1.563492
2025-01-01 08:02:30.000+0000 [UTC],14.135,0,0,1,0,1,0,0,0,0,1.563492
2025-01-01 08:03:00.000+0000 [UTC],26.434,1,0,0,0,0,1,0,0,0,1.843023
2025-01-01 08:03:30.000+0000 [UTC],23.559,0,0,1,0,1,0,0,0,0,1.563492
2025-01-01 08:04:00.000+0000 [UTC],8.14,0,0,1,0,1,0,0,0,0,1.563492
2025-01-01 08:04:30.000+0000 [UTC],6.932,0,0,1,0,1,0,0,0,0,1.563492
2025-01-01 08:05:00.000+0000 [UTC],44.664,1,0,0,0,0,1,0,0,0,2.858378
2025-01-01 08:05:30.000+0000 [UTC],4.926,0,0,0,1,0,0,0,0,0,0.951234
2025-01-01 08:06:00.000+0000 [UTC],39.644,1,0,0,0,0,1,0,0,0,2.787516
2025-01-01 08:06:30.000+0000 [UTC],22.356,0,0,1,0,1,0,0,0,0,1.563492
2025-01-01 08:07:00.000+0000 [UTC],13.953,0,0,1,0,1,0,0,0,0,1.563492
2025-01-01 08:07:30.000+0000 [UTC],11.655,0,0,1,0,1,0,0,0,0,1.563492
2025-01-01 08:08:00.000+0000 [UTC],20.2,0,0,1,0,1,0,0,0,0,1.563492
2025-01-01 08:08:30.000+0000 [UTC],11.972,0,0,1,0,1,0,0,0,0,1.563492
2025-01-01 08:09:00.000+0000 [UTC],24.13,0,0,1,0,1,0,0,0,0,1.563492
2025-01-01 08:09:30.000+0000 [UTC],18.39,0,0,1,0,1,0,0,0,0,1.563492
2025-01-01 08:10:00.000+0000 [UTC],12.56,0,0,1,0,1,0,0,0,0,1.563492
2025-01-01 08:10:30.000+0000 [UTC],23.849,1,0,0,0,0,1,0,0,0,2.515498
2025-01-01 08:11:00.000+0000 [UTC],25.787,0,0,1,0,1,0,0,0,0,1.563492
2025-01-01 08:11:30.000+0000 [UTC],11.971,0,0,1,0,1,0,0,0,0,1.563492
2025-01-01 08:12:00.000+0000 [UTC],51.647,1,0,0,0,0,1,0,0,0,2.568722
2025-01-01 08:12:30.000+0000 [UTC],18.71,0,0,1,0,1,0,0,0,0,1.563492
2025-01-01 08:13:00.000+0000 [UTC],32.654,1,0,0,0,0,1,0,0,0,2.822295
2025-01-01 08:13:30.000+0000 [UTC],16.496,0,0,1,0,1,0,0,0,0,1.563492
2025-01-01 08:14:00.000+0000 [UTC],21.509,0,0,1,0,1,0,0,0,0,1.563492
2025-01-01 08:14:30.000+0000 [UTC],106.58,0,1,0,0,0,0,1,0,1,5.234638
2025-01-01 08:15:00.000+0000 [UTC],31.897,1,0,0,0,0,1,0,0,0,2.567302
2025-01-01 08:15:30.000+0000 [UTC],42.006,1,0,0,0,0,1,0,0,0,2.771205
2025-01-01 08:16:00.000+0000 [UTC],22.808,0,0,1,0,1,0,0,0,0,1.563492
2025-01-01 08:16:30.000+0000 [UTC],15.16,0,0,1,0,1,0,0,0,0,1.563492
2025-01-01 08:17:00.000+0000 [UTC],11.233,0,0,1,0,1,0,0,0,0,1.563492
2025-01-01 08:17:30.000+0000 [UTC],17.3,0,0,1,0,1,0,0,0,0,1.563492
2025-01-01 08:18:00.000+0000 [UTC],4.141,0,0,0,1,0,0,0,0,0,0.951234
2025-01-01 08:18:30.000+0000 [UTC],11.611,0,0,1,0,1,0,0,0,0,1.563492
2025-01-01 08:19:00.000+0000 [UTC],3.615,0,0,0,1,0,0,0,0,0,0.951234
2025-01-01 08:19:30.000+0000 [UTC],25.067,0,0,1,0,1,0,0,0,0,1.563492
